Workbook

Sheet Resumen
A2: Inventario IXTLAHUACA - Resumen
A3: Total Dispositivos y/o Direcciones IPs Descubiertos | F3: 31064
B4: Dispositivos Identificados | F4: =F5+F10+F13+F14
C5: Total Servidores | F5: 10563
D6: Servidores con Cortex | F6: 6249
D7: Servidores sin Cortex | F7: 4314
E8: Cortex Soportado | F8: =F7-F9
E9: Cortex no Soportado | F9: {=SUM(COUNTIFS(Inventario!E6:E1048576, {"Oracle Solaris","Windows Server 2008 R2","Windows Server 2003 R2","SunOS 10","SunOS 11.1","SunOS 11.2","SunOS 11.3","IBM AIX 6.1","IBM AIX 7.1","IBM AIX 7.2","IBM AIX 5.3","SunOS 9","SunOS 11.4.23.69.3","SunOS 11.0","SunOS 11.4","SunOS 11.4.0.15.0"}, Inventario!F6:F1048576, "NO"))}
C10: PCs | F10: 255
D11: PCs con Cortex | F11: 200
D12: PCs sin Cortex | F12: 55
C13: Dispositivos de Red o colaboración | F13: 1025
C14: Otros dispositivos identificados (No servidores) | F14: =COUNTA('Inventario Identificados'!A5:A1048576)
B15: IPs No Identificados (Servidores) | F15: =COUNTA('Inventario No Identificados'!A5:A1048576)
B16: IPs No Identificados (No Vendor) | F16: =F3-F4-F15
A19: Servidores IXTLAHUACA - Vulnerabilidades
A20: Servidores con vulnerabilidades Críticas | E20: =COUNTIF('Inventario'!H6:H1048576,">0")
A21: Servidores con vulnerabilidades Altas | E21: =COUNTIF('Inventario'!I6:I1048576,">0")
A22: Servidores con EoL | E22: 5352

Sheet Inventario - PC
A3: PCs IXTLAHUACA - Inventario
A4: No | B4: Hostname | C4: Dir IP | D4: MAC | E4: Sistema Operativo | F4: Cortex | G4: Virtual Patching
A6: 1 | B6: ADINFRHVIADMXCO | C6: 10.191.143.167 200.68.130.150 | D6: 00:50:56:99:13:A8 | E6: Windows 7 | F6: SI | G6: NO
A7: 2 | B7: CLVCWK7CJUPA001 | C7: 10.191.143.77 200.68.130.130 | D7: 00:50:56:9E:78:E2 | E7: Windows 7 | F7: SI | G7: NO
A8: 3 | B8: VWK7BUSEMD01 | C8: 10.191.148.203 200.68.130.151 | D8: 00:50:56:9E:29:26 | E8: Windows 7 | F8: SI | G8: NO
A9: 4 | B9: SVDAS0208ADMXCO.TELCEL.NET | C9: 10.119.160.69 | D9: 00:50:56:9E:2C:43 | E9: Windows 10 | F9: SI | G9: NO
A10: 5 | B10: VWK7BUSEMD03 | C10: 10.191.148.205 200.68.130.150 | D10: 00:50:56:9E:5E:52 | E10: Windows 7 | F10: SI | G10: NO
A11: 6 | B11: VWK7BUSEMD02 | C11: 10.191.148.204 200.68.130.151 | D11: 00:50:56:9E:2A:14 | E11: Windows 7 | F11: SI | G11: NO
A12: 7 | B12: ITHHPOIDVPAD007.TELCEL.NET | C12: 10.191.62.133 200.68.130.150 | D12: 00:50:56:86:D8:33 | E12: Windows 7 | F12: SI | G12: NO
A13: 8 | B13: V-W10PPRO-D01 | C13: 10.191.33.225 200.68.130.150 | D13: 00:50:56:9E:09:5E | E13: Windows 10 | F13: SI | G13: NO
A14: 9 | B14: ITHHWCTX2MI02 | C14: 10.119.99.78 200.68.130.132 | D14: 00:50:56:BD:05:B2 | E14: Windows 11 | F14: SI | G14: NO
A15: 10 | B15: ITHHWCTX2MI10 | C15: 10.119.99.51 200.68.130.151 | D15: 00:50:56:BD:33:DA | E15: Windows 11 | F15: SI | G15: NO
A16: 11 | B16: ITHHWCTX2MI03 | C16: 10.119.99.79 200.68.130.131 | D16: 00:50:56:BD:EF:CD | E16: Windows 11 | F16: SI | G16: NO
A17: 12 | B17: ITHHWCTX2VDIA02 | C17: 10.119.99.75 200.68.130.151 | D17: 00:50:56:BD:91:59 | E17: Windows 11 | F17: SI | G17: NO
... A260: 255 | B260: ITHVHWVDISW140 | C260: 10.59.208.162 200.68.130.132 | D260: 28:6E:D4:89:7F:76 | E260: Windows 10 | F260: SI | G260: NO

Sheet Inventario - Red
A3: Network Devices IXTLAHUACA - Inventario
A4: Adapter | B4: Hostname | C4: IPs | D4: MAC | E4: Manufacturer
A5: cisco_apic_adapter csv_adapter | B5: 9CTIXT31021701 | C5: 10.255.19.231 172.17.6.10 172.19.128.2 fc00::1
A6: cisco_apic_adapter csv_adapter | B6: 9CTIXT32021401 | C6: 10.255.19.229 172.17.6.11 172.19.128.1 fc00::1
A7: cisco_apic_adapter csv_adapter | B7: 9CTIXT32011901 | C7: 10.255.19.228 172.17.6.12 172.19.128.4 fc00::1
A8: cisco_apic_adapter csv_adapter | B8: 9LF_IXT2_20517_06 | C8: 172.17.6.126 172.18.220.69
A9: cisco_apic_adapter csv_adapter | B9: 9CTIXT12011401 | C9: 10.255.19.232 172.17.6.13 172.19.128.5 fc00::1
A10: cisco_apic_adapter csv_adapter | B10: 9LF_IXT1_10718_03 | C10: 172.17.7.31 172.19.216.83
A11: cisco_apic_adapter csv_adapter | B11: 9CTIXT21021801 | C11: 10.255.19.230 172.17.6.14 172.19.128.3 fc00::1
A12: cisco_apic_adapter csv_adapter | B12: 9LF_IXT2_20517_05 | C12: 172.17.6.128 172.18.200.66
A13: cisco_apic_adapter csv_adapter | B13: 9LF_IXT1_10718_02 | C13: 172.17.7.30 172.19.216.84
A14: cisco_apic_adapter csv_adapter | B14: 9LF_IXT1_10918_04 | C14: 172.17.7.29 172.19.216.82
A15: cisco_apic_adapter csv_adapter | B15: 9LF_IXT1_11418_02 | C15: 172.17.7.23 172.19.176.73
A16: cisco_apic_adapter csv_adapter | B16: 9LF_IXT1_10918_03 | C16: 172.17.7.28 172.19.216.81
... A286: cisco_apic_adapter csv_adapter | B286: 9LF_IXT3_21219_01 | C286: 10.59.214.76 10.59.215.76 172.17.128.64
A287: cisco_apic_adapter | C287: 172.17.2.26 | D287: B0:26:80:69:FB:B2 | E287: (Cisco Systems, Inc)
A288: cisco_apic_adapter | C288: 55.55.5.34 | D288: B0:26:80:69:FA:F2 | E288: (Cisco Systems, Inc)
A289: cisco_apic_adapter | C289: 10.59.129.146 | D289: 88:94:71:BC:3D:30 | E289: (Brocade Communications Systems LLC)
A290: cisco_apic_adapter | C290: 10.59.89.15 | D290: 88:94:71:99:6F:25 | E290: (Brocade Communications Systems LLC)
A291: cisco_apic_adapter | C291: 172.17.7.195 | D291: 0C:D0:F8:35:F3:41 | E291: (Cisco Systems, Inc)
A292: cisco_apic_adapter | C292: 10.119.157.22 | D292: 00:35:1A:D9:FE:70 | E292: (Cisco Systems, Inc)
A293: cisco_apic_adapter | C293: 10.119.157.21 | D293: 00:35:1A:E5:B6:F0 | E293: (Cisco Systems, Inc)
A294: cisco_apic_adapter | C294: 10.119.157.19 | D294: 8C:60:4F:B3:9E:C1 | E294: (Cisco Systems, Inc)
A295: cisco_apic_adapter | C295: 10.119.157.34 | D295: 58:AC:78:E0:60:BC | E295: (Cisco Systems, Inc)
A296: cisco_apic_adapter | C296: 172.17.7.243 | D296: 50:61:BF:E9:2B:41 | E296: (Cisco Systems, Inc)
A297: cisco_apic_adapter | C297: 10.119.109.99 | D297: 88:94:71:26:76:28 | E297: (Brocade Communications Systems LLC)
A298: cisco_apic_adapter cisco_apic_adapter cisco_apic_adapter cisco_apic_adapter cisco_apic_adapter cisco_apic_adapter cisco_apic_adapter cisco_apic_adapter | C298: 10.119.185.133 | D298: 00:04:96:26:6B:D7 | E298: (Extreme Networks Headquarters)
... A306: cisco_apic_adapter | C306: 172.17.7.160 | D306: 54:86:BC:75:71:C1 | E306: (Cisco Systems, Inc)
A307: cisco_apic_adapter | D307: 3C:08:F6:8B:C9:3F | E307: (Cisco Systems, Inc)
A308: cisco_apic_adapter | C308: 10.59.11.82 | D308: 00:05:33:D3:ED:0E | E308: (Brocade Communications Systems LLC)
A309: cisco_apic_adapter | C309: 172.17.7.197 | D309: 0C:D0:F8:72:0A:C1 | E309: (Cisco Systems, Inc)
A310: cisco_apic_adapter | C310: 172.17.7.165 | D310: 50:61:BF:E9:29:C1 | E310: (Cisco Systems, Inc)
A311: cisco_apic_adapter | C311: 172.17.7.154 | D311: C4:C6:03:D2:70:41 | E311: (Cisco Systems, Inc)
A312: cisco_apic_adapter | C312: 10.59.129.81 | D312: 88:94:71:66:BD:0F | E312: (Brocade Communications Systems LLC)
A313: cisco_apic_adapter | C313: 10.119.109.101 | D313: 88:94:71:25:7E:37 | E313: (Brocade Communications Systems LLC)
A314: cisco_apic_adapter | C314: 172.17.7.161 | D314: C4:C6:03:D2:7A:41 | E314: (Cisco Systems, Inc)
A315: cisco_apic_adapter | C315: 172.17.7.196 | D315: 0C:D0:F8:B8:9F:C1 | E315: (Cisco Systems, Inc)
A316: cisco_apic_adapter | C316: 10.119.109.177 | D316: 88:94:71:63:5C:9D | E316: (Brocade Communications Systems LLC)
A317: cisco_apic_adapter | C317: 10.119.109.105 | D317: 88:94:71:25:EE:F9 | E317: (Brocade Communications Systems LLC)
A318: cisco_apic_adapter | C318: 172.17.7.194 | D318: 0C:D0:F8:35:F6:41 | E318: (Cisco Systems, Inc)
A319: cisco_apic_adapter | C319: 10.119.169.44 10.119.169.45 | D319: 50:EB:1A:21:B1:08 | E319: (Brocade Communications Systems LLC)
... A331: cisco_apic_adapter | C331: 10.59.129.144 | D331: 88:94:71:98:C4:92 | E331: (Brocade Communications Systems LLC)
A332: cisco_apic_adapter | D332: 00:10:18:8F:69:8E | E332: (Broadcom)
A333: cisco_apic_adapter | C333: 172.17.7.219 | D333: C4:C6:03:D2:8F:C1 | E333: (Cisco Systems, Inc)
A334: cisco_apic_adapter | C334: 172.17.7.185 | D334: C4:C6:03:D2:A0:C1 | E334: (Cisco Systems, Inc)
A335: cisco_apic_adapter | C335: 172.17.7.182 | D335: C4:C6:03:D2:7E:C1 | E335: (Cisco Systems, Inc)
A336: cisco_apic_adapter | C336: 10.119.109.113 | D336: 88:94:71:26:39:95 | E336: (Brocade Communications Systems LLC)
A337: cisco_apic_adapter | C337: 10.191.140.140 | D337: 00:05:33:FC:E6:F2 | E337: (Brocade Communications Systems LLC)
A338: cisco_apic_adapter | C338: 10.119.109.174 | D338: 88:94:71:63:5C:91 | E338: (Brocade Communications Systems LLC)
A339: cisco_apic_adapter | C339: 10.119.146.204 10.119.146.205 | D339: 00:27:F8:22:A1:9A | E339: (Brocade Communications Systems LLC)
A340: cisco_apic_adapter | C340: 172.17.7.200 | D340: 00:29:C2:07:D4:41 | E340: (Cisco Systems, Inc)
A341: cisco_apic_adapter | C341: 172.17.7.186 | D341: C4:C6:03:D2:AA:41 | E341: (Cisco Systems, Inc)
A342: cisco_apic_adapter | C342: 10.191.159.250 | D342: 2C:F8:9B:A1:82:CE | E342: (Cisco Systems, Inc)
A343: cisco_apic_adapter | C343: 10.59.213.96 | D343: 00:0E:D3:01:14:5E | E343: (Epicenter, Inc.)
A344: cisco_apic_adapter cisco_apic_adapter cisco_apic_adapter cisco_apic_adapter cisco_apic_adapter cisco_apic_adapter cisco_apic_adapter cisco_apic_adapter | C344: 10.191.215.162 | D344: 54:9B:72:C8:C3:4F | E344: (Ericsson AB)
... A359: cisco_apic_adapter | C359: 10.119.157.23 10.119.157.25 10.119.157.40 10.119.157.41 10.119.157.42 10.119.157.43 10.119.157.44 10.119.157.45 | D359: 8C:60:4F:B6:7B:61 | E359: (Cisco Systems, Inc)
A360: cisco_apic_adapter cisco_apic_adapter cisco_apic_adapter cisco_apic_adapter cisco_apic_adapter | D360: 00:04:96:52:FB:7D | E360: (Extreme Networks Headquarters)
A361: cisco_apic_adapter | C361: 10.191.102.4 10.191.102.5 | D361: 00:27:F8:6E:EB:A5 | E361: (Brocade Communications Systems LLC)
A362: cisco_apic_adapter cisco_apic_adapter cisco_apic_adapter cisco_apic_adapter cisco_apic_adapter cisco_apic_adapter cisco_apic_adapter cisco_apic_adapter cisco_apic_adapter cisco_apic_adapter | C362: 10.191.170.178 | D362: 00:04:96:52:FB:79 | E362: (Extreme Networks Headquarters)
A363: cisco_apic_adapter | C363: 10.191.106.27 | D363: 08:4F:A9:F5:7A:A0 | E363: (Cisco Systems, Inc)
A364: cisco_apic_adapter | C364: 10.119.146.252 | D364: 50:EB:1A:48:46:35 | E364: (Brocade Communications Systems LLC)
A365: cisco_apic_adapter cisco_apic_adapter cisco_apic_adapter cisco_apic_adapter cisco_apic_adapter cisco_apic_adapter | C365: 10.191.169.13 | D365: 00:04:96:52:FB:68 | E365: (Extreme Networks Headquarters)
A366: cisco_apic_adapter | C366: 10.59.204.31 | D366: C4:F5:7C:55:EF:DC | E366: (Brocade Communications Systems LLC)
A367: cisco_apic_adapter | C367: 10.191.160.12 | D367: C0:8C:60:16:1A:22 | E367: (Cisco Systems, Inc)
A368: cisco_apic_adapter cisco_apic_adapter cisco_apic_adapter cisco_apic_adapter cisco_apic_adapter cisco_apic_adapter cisco_apic_adapter cisco_apic_adapter | C368: 10.119.152.196 | D368: 00:04:96:99:21:22 | E368: (Extreme Networks Headquarters)
A369: cisco_apic_adapter | C369: 172.17.7.212 | D369: 00:77:8D:52:05:41 | E369: (Cisco Systems, Inc)
A370: cisco_apic_adapter | C370: 10.191.247.104 | D370: 90:3C:B3:19:57:92 | E370: (Edgecore Networks Corporation)
A371: cisco_apic_adapter | C371: 10.59.217.18 | D371: E8:0A:B9:FA:27:56 | E371: (Cisco Systems, Inc)
A372: cisco_apic_adapter | C372: 10.119.177.201 | D372: F8:4F:57:72:80:5E | E372: (Cisco Systems, Inc)
... A377: cisco_apic_adapter | C377: 10.59.204.10 10.59.204.9 | D377: 88:94:71:4D:17:50 | E377: (Brocade Communications Systems LLC)
A378: cisco_apic_adapter | D378: 3C:08:F6:8B:C9:2F | E378: (Cisco Systems, Inc)
A379: cisco_apic_adapter | C379: 10.59.217.15 | D379: E8:0A:B9:FA:59:56 | E379: (Cisco Systems, Inc)
A380: cisco_apic_adapter | C380: 10.59.129.143 | D380: 88:94:71:98:89:18 | E380: (Brocade Communications Systems LLC)
A381: cisco_apic_adapter | C381: 10.119.109.117 | D381: 88:94:71:25:EE:FD | E381: (Brocade Communications Systems LLC)
A382: cisco_apic_adapter | C382: 10.119.109.98 | D382: 88:94:71:26:7B:76 | E382: (Brocade Communications Systems LLC)
A383: cisco_apic_adapter | C383: 10.119.109.104 | D383: 88:94:71:25:EE:F6 | E383: (Brocade Communications Systems LLC)
A384: cisco_apic_adapter | C384: 10.119.157.35 | D384: 84:B2:61:5A:2C:41 | E384: (Cisco Systems, Inc)
A385: cisco_apic_adapter cisco_apic_adapter cisco_apic_adapter cisco_apic_adapter cisco_apic_adapter cisco_apic_adapter | D385: 00:04:96:7D:C6:20 | E385: (Extreme Networks Headquarters)
A386: cisco_apic_adapter cisco_apic_adapter cisco_apic_adapter cisco_apic_adapter cisco_apic_adapter cisco_apic_adapter | C386: 10.191.174.178 | D386: 00:04:96:52:FB:81 | E386: (Extreme Networks Headquarters)
A387: cisco_apic_adapter | C387: 172.17.7.223 | D387: C4:C6:03:D2:84:C1 | E387: (Cisco Systems, Inc)
A388: cisco_apic_adapter | C388: 172.17.7.253 | D388: 50:61:BF:E9:23:C2 | E388: (Cisco Systems, Inc)
A389: cisco_apic_adapter | C389: 172.17.7.254 | D389: 50:61:BF:E9:2C:41 | E389: (Cisco Systems, Inc)
A390: cisco_apic_adapter cisco_apic_adapter cisco_apic_adapter cisco_apic_adapter cisco_apic_adapter cisco_apic_adapter cisco_apic_adapter cisco_apic_adapter | C390: 10.119.168.69 | D390: 8C:60:4F:DB:5D:BC | E390: (Cisco Systems, Inc)
A391: cisco_apic_adapter cisco_apic_adapter cisco_apic_adapter cisco_apic_adapter cisco_apic_adapter | C391: 10.119.173.68 | D391: 00:04:96:52:FB:49 | E391: (Extreme Networks Headquarters)
A392: cisco_apic_adapter | C392: 10.59.11.83 10.59.11.84 | D392: 00:05:33:D3:B8:55 | E392: (Brocade Communications Systems LLC)
A393: cisco_apic_adapter | C393: 10.191.221.52 10.191.221.54 | D393: 88:94:71:2C:1B:A8 | E393: (Brocade Communications Systems LLC)
A394: cisco_apic_adapter | C394: 172.17.7.237 | D394: 50:61:BF:E9:4A:C1 | E394: (Cisco Systems, Inc)
A395: cisco_apic_adapter | D395: 0C:27:24:39:E6:18 | E395: (Cisco Systems, Inc)
A396: cisco_apic_adapter | C396: 172.17.7.202 | D396: 0C:D0:F8:72:19:41 | E396: (Cisco Systems, Inc)
A397: cisco_apic_adapter | C397: 10.119.233.23 | D397: 78:BA:F9:E2:C2:7F | E397: (Cisco Systems, Inc)
A398: cisco_apic_adapter | C398: 10.119.146.196 10.119.146.197 | D398: 00:27:F8:28:9C:22 | E398: (Brocade Communications Systems LLC)
A399: cisco_apic_adapter | C399: 172.17.7.172 | D399: 0C:D0:F8:35:F7:41 | E399: (Cisco Systems, Inc)
A400: cisco_apic_adapter cisco_apic_adapter cisco_apic_adapter cisco_apic_adapter cisco_apic_adapter cisco_apic_adapter cisco_apic_adapter cisco_apic_adapter | C400: 10.119.238.61 | D400: 8C:60:4F:DB:5E:01 | E400: (Cisco Systems, Inc)
A401: cisco_apic_adapter | C401: 10.119.146.188 10.119.146.189 | D401: 00:27:F8:22:6B:41 | E401: (Brocade Communications Systems LLC)
A402: cisco_apic_adapter | C402: 10.191.129.58 | D402: 54:E0:32:06:64:02 | E402: (Juniper Networks)
A403: cisco_apic_adapter | C403: 10.59.217.17 | D403: E8:0A:B9:FA:66:D6 | E403: (Cisco Systems, Inc)
A404: cisco_apic_adapter | C404: 10.119.185.40 | D404: 50:EB:1A:76:8B:05 | E404: (Brocade Communications Systems LLC)
A405: cisco_apic_adapter | C405: 172.17.7.174 | D405: 54:86:BC:DE:18:41 | E405: (Cisco Systems, Inc)
A406: cisco_apic_adapter | C406: 172.17.7.173 | D406: 54:86:BC:75:6B:41 | E406: (Cisco Systems, Inc)
A407: cisco_apic_adapter | C407: 10.191.107.27 | D407: 54:E0:32:0B:7F:82 | E407: (Juniper Networks)
...

Sheet Inventario
A3: Servidores IXTLAHUACA - Inventario
A4: No | B4: Hostname | C4: Dir IP | D4: MAC | E4: Sistema Operativo | F4: Cortex | G4: Virtual Patching (Trend Micro) | H4: Vulnerabilidades | J4: Comentarios
H5: #Criticas | I5: #Altas
A6: 1 | B6: ITHVHWIPAWPAP01 | C6: 10.59.195.190 200.68.130.132 | D6: 00:50:56:81:0E:86 | E6: Windows Server 2022 | F6: SI | G6: SI | H6: 4 | I6: 70 | J6: =IF(F6="SI", "NA", IF(OR(E6="Oracle Solaris", E6="Windows Server 2008 R2", E6="Windows Server 2003 R2", E6="SunOS 10", E6="SunOS 11.1", E6="SunOS 11.2", E6="SunOS 11.3", E6="IBM AIX 6.1", E6="IBM AIX 7.1", E6="IBM AIX 7.2", E6="IBM AIX 5.3", E6="SunOS 9", E6="SunOS 11.4.23.69.3", E6="SunOS 11.0", E6="SunOS 11.4", E6="SunOS 11.4.0.15.0"), "Cortex not supported", "NA"))
A7: 2 | B7: ITHHWHUEPRO18 | C7: 10.119.249.107 200.68.130.151 | D7: FA:16:3E:12:A4:00 | E7: Linux Red Hat 7.9 | F7: SI | G7: SI | H7: 971 | I7: 3701 | J7: =IF(F7="SI", "NA", IF(OR(E7="Oracle Solaris", E7="Windows Server 2008 R2", E7="Windows Server 2003 R2", E7="SunOS 10", E7="SunOS 11.1", E7="SunOS 11.2", E7="SunOS 11.3", E7="IBM AIX 6.1", E7="IBM AIX 7.1", E7="IBM AIX 7.2", E7="IBM AIX 5.3", E7="SunOS 9", E7="SunOS 11.4.23.69.3", E7="SunOS 11.0", E7="SunOS 11.4", E7="SunOS 11.4.0.15.0"), "Cortex not supported", "NA"))
A8: 3 | B8: ITHVVWRPADRBD02 | C8: 10.59.240.64 200.68.130.150 | D8: 00:50:56:81:1B:EE | E8: Linux Red Hat 8.10 | F8: SI | G8: SI | H8: 162 | I8: 943 | J8: =IF(F8="SI", "NA", IF(OR(E8="Oracle Solaris", E8="Windows Server 2008 R2", E8="Windows Server 2003 R2", E8="SunOS 10", E8="SunOS 11.1", E8="SunOS 11.2", E8="SunOS 11.3", E8="IBM AIX 6.1", E8="IBM AIX 7.1", E8="IBM AIX 7.2", E8="IBM AIX 5.3", E8="SunOS 9", E8="SunOS 11.4.23.69.3", E8="SunOS 11.0", E8="SunOS 11.4", E8="SunOS 11.4.0.15.0"), "Cortex not supported", "NA"))
A9: 4 | B9: IXVPECIAPS001 | C9: 10.191.33.94 200.68.130.150 | D9: 00:50:56:86:A8:23 | E9: Linux Red Hat 7.9 | F9: SI | G9: SI | H9: 102 | I9: 406 | J9: =IF(F9="SI", "NA", IF(OR(E9="Oracle Solaris", E9="Windows Server 2008 R2", E9="Windows Server 2003 R2", E9="SunOS 10", E9="SunOS 11.1", E9="SunOS 11.2", E9="SunOS 11.3", E9="IBM AIX 6.1", E9="IBM AIX 7.1", E9="IBM AIX 7.2", E9="IBM AIX 5.3", E9="SunOS 9", E9="SunOS 11.4.23.69.3", E9="SunOS 11.0", E9="SunOS 11.4", E9="SunOS 11.4.0.15.0"), "Cortex not supported", "NA"))
A10: 5 | B10: IXVPECIAPS002 | C10: 10.191.33.95 200.68.130.150 | D10: 00:50:56:86:B1:FC | E10: Linux Red Hat 7.9 | F10: SI | G10: SI | H10: 106 | I10: 450 | J10: =IF(F10="SI", "NA", IF(OR(E10="Oracle Solaris", E10="Windows Server 2008 R2", E10="Windows Server 2003 R2", E10="SunOS 10", E10="SunOS 11.1", E10="SunOS 11.2", E10="SunOS 11.3", E10="IBM AIX 6.1", E10="IBM AIX 7.1", E10="IBM AIX 7.2", E10="IBM AIX 5.3", E10="SunOS 9", E10="SunOS 11.4.23.69.3", E10="SunOS 11.0", E10="SunOS 11.4", E10="SunOS 11.4.0.15.0"), "Cortex not supported", "NA"))
A11: 6 | B11: IXVPECIAPS003 | C11: 10.191.33.96 200.68.130.151 | D11: 00:50:56:86:A3:4E | E11: Linux Red Hat 7.9 | F11: SI | G11: SI | H11: 100 | I11: 404 | J11: =IF(F11="SI", "NA", IF(OR(E11="Oracle Solaris", E11="Windows Server 2008 R2", E11="Windows Server 2003 R2", E11="SunOS 10", E11="SunOS 11.1", E11="SunOS 11.2", E11="SunOS 11.3", E11="IBM AIX 6.1", E11="IBM AIX 7.1", E11="IBM AIX 7.2", E11="IBM AIX 5.3", E11="SunOS 9", E11="SunOS 11.4.23.69.3", E11="SunOS 11.0", E11="SunOS 11.4", E11="SunOS 11.4.0.15.0"), "Cortex not supported", "NA"))
A12: 7 | B12: IXVPECIAPS004 | C12: 10.191.33.97 200.68.130.131 | D12: 00:50:56:86:8C:89 | E12: Linux Red Hat 7.9 | F12: SI | G12: SI | H12: 100 | I12: 421 | J12: =IF(F12="SI", "NA", IF(OR(E12="Oracle Solaris", E12="Windows Server 2008 R2", E12="Windows Server 2003 R2", E12="SunOS 10", E12="SunOS 11.1", E12="SunOS 11.2", E12="SunOS 11.3", E12="IBM AIX 6.1", E12="IBM AIX 7.1", E12="IBM AIX 7.2", E12="IBM AIX 5.3", E12="SunOS 9", E12="SunOS 11.4.23.69.3", E12="SunOS 11.0", E12="SunOS 11.4", E12="SunOS 11.4.0.15.0"), "Cortex not supported", "NA"))
A13: 8 | B13: ITHVHWPSPWPAP02 | C13: 10.152.30.33 200.68.130.132 | D13: 00:50:56:81:E0:4E | E13: Windows Server 2022 | F13: SI | G13: SI | H13: 0 | I13: 0 | J13: =IF(F13="SI", "NA", IF(OR(E13="Oracle Solaris", E13="Windows Server 2008 R2", E13="Windows Server 2003 R2", E13="SunOS 10", E13="SunOS 11.1", E13="SunOS 11.2", E13="SunOS 11.3", E13="IBM AIX 6.1", E13="IBM AIX 7.1", E13="IBM AIX 7.2", E13="IBM AIX 5.3", E13="SunOS 9", E13="SunOS 11.4.23.69.3", E13="SunOS 11.0", E13="SunOS 11.4", E13="SunOS 11.4.0.15.0"), "Cortex not supported", "NA"))
A14: 9 | B14: ITHVHWPSPWPAP01 | C14: 10.152.30.32 200.68.130.132 | D14: 00:50:56:81:F1:05 | E14: Windows Server 2022 | F14: SI | G14: SI | H14: 1 | I14: 102 | J14: =IF(F14="SI", "NA", IF(OR(E14="Oracle Solaris", E14="Windows Server 2008 R2", E14="Windows Server 2003 R2", E14="SunOS 10", E14="SunOS 11.1", E14="SunOS 11.2", E14="SunOS 11.3", E14="IBM AIX 6.1", E14="IBM AIX 7.1", E14="IBM AIX 7.2", E14="IBM AIX 5.3", E14="SunOS 9", E14="SunOS 11.4.23.69.3", E14="SunOS 11.0", E14="SunOS 11.4", E14="SunOS 11.4.0.15.0"), "Cortex not supported", "NA"))
A15: 10 | B15: ITHVHWPSPWPAP03 | C15: 10.152.30.34 200.68.130.132 | D15: 00:50:56:81:3E:2A | E15: Windows Server 2022 | F15: SI | G15: SI | H15: 0 | I15: 0 | J15: =IF(F15="SI", "NA", IF(OR(E15="Oracle Solaris", E15="Windows Server 2008 R2", E15="Windows Server 2003 R2", E15="SunOS 10", E15="SunOS 11.1", E15="SunOS 11.2", E15="SunOS 11.3", E15="IBM AIX 6.1", E15="IBM AIX 7.1", E15="IBM AIX 7.2", E15="IBM AIX 5.3", E15="SunOS 9", E15="SunOS 11.4.23.69.3", E15="SunOS 11.0", E15="SunOS 11.4", E15="SunOS 11.4.0.15.0"), "Cortex not supported", "NA"))
A16: 11 | B16: ITHVHWMPPWPAP02 | C16: 10.152.75.68 200.68.130.132 | D16: 00:50:56:81:B7:64 | E16: Windows Server 2022 | F16: SI | G16: SI | H16: 1 | I16: 239 | J16: =IF(F16="SI", "NA", IF(OR(E16="Oracle Solaris", E16="Windows Server 2008 R2", E16="Windows Server 2003 R2", E16="SunOS 10", E16="SunOS 11.1", E16="SunOS 11.2", E16="SunOS 11.3", E16="IBM AIX 6.1", E16="IBM AIX 7.1", E16="IBM AIX 7.2", E16="IBM AIX 5.3", E16="SunOS 9", E16="SunOS 11.4.23.69.3", E16="SunOS 11.0", E16="SunOS 11.4", E16="SunOS 11.4.0.15.0"), "Cortex not supported", "NA"))
A17: 12 | B17: ITHVVMSVDAWAP01 | C17: 10.152.75.58 200.68.130.131 | D17: 00:50:56:81:5A:B4 | E17: Windows Server 2022 | F17: SI | G17: SI | H17: 21 | I17: 124 | J17: =IF(F17="SI", "NA", IF(OR(E17="Oracle Solaris", E17="Windows Server 2008 R2", E17="Windows Server 2003 R2", E17="SunOS 10", E17="SunOS 11.1", E17="SunOS 11.2", E17="SunOS 11.3", E17="IBM AIX 6.1", E17="IBM AIX 7.1", E17="IBM AIX 7.2", E17="IBM AIX 5.3", E17="SunOS 9", E17="SunOS 11.4.23.69.3", E17="SunOS 11.0", E17="SunOS 11.4", E17="SunOS 11.4.0.15.0"), "Cortex not supported", "NA"))
... A4775: 4770 | B4775: ITHVRHTREPRAP01 | C4775: 10.152.30.78 200.68.130.130 | D4775: 56:6F:3C:FD:02:4F | E4775: Linux Red Hat 8.10 | F4775: SI | G4775: NO | H4775: 55 | I4775: 0 | J4775: =IF(F4775="SI", "NA", IF(OR(E4775="Oracle Solaris", E4775="Windows Server 2008 R2", E4775="Windows Server 2003 R2", E4775="SunOS 10", E4775="SunOS 11.1", E4775="SunOS 11.2", E4775="SunOS 11.3", E4775="IBM AIX 6.1", E4775="IBM AIX 7.1", E4775="IBM AIX 7.2", E4775="IBM AIX 5.3", E4775="SunOS 9", E4775="SunOS 11.4.23.69.3", E4775="SunOS 11.0", E4775="SunOS 11.4", E4775="SunOS 11.4.0.15.0"), "Cortex not supported", "NA"))
A4776: 4771 | B4776: IXTAI3 | C4776: 10.191.104.225 | D4776: 00:21:28:FB:88:20 | F4776: NO | G4776: NO | H4776: 0 | I4776: 0 | J4776: =IF(F4776="SI", "NA", IF(OR(E4776="Oracle Solaris", E4776="Windows Server 2008 R2", E4776="Windows Server 2003 R2", E4776="SunOS 10", E4776="SunOS 11.1", E4776="SunOS 11.2", E4776="SunOS 11.3", E4776="IBM AIX 6.1", E4776="IBM AIX 7.1", E4776="IBM AIX 7.2", E4776="IBM AIX 5.3", E4776="SunOS 9", E4776="SunOS 11.4.23.69.3", E4776="SunOS 11.0", E4776="SunOS 11.4", E4776="SunOS 11.4.0.15.0"), "Cortex not supported", "NA"))
A4777: 4772 | B4777: IXTAI2 | C4777: 10.191.129.184 | D4777: 00:21:28:C0:A2:92 | F4777: NO | G4777: NO | H4777: 0 | I4777: 0 | J4777: =IF(F4777="SI", "NA", IF(OR(E4777="Oracle Solaris", E4777="Windows Server 2008 R2", E4777="Windows Server 2003 R2", E4777="SunOS 10", E4777="SunOS 11.1", E4777="SunOS 11.2", E4777="SunOS 11.3", E4777="IBM AIX 6.1", E4777="IBM AIX 7.1", E4777="IBM AIX 7.2", E4777="IBM AIX 5.3", E4777="SunOS 9", E4777="SunOS 11.4.23.69.3", E4777="SunOS 11.0", E4777="SunOS 11.4", E4777="SunOS 11.4.0.15.0"), "Cortex not supported", "NA"))
A4778: 4773 | B4778: IXTAI1 | C4778: 10.191.129.167 | D4778: 00:21:28:C0:A5:74 | F4778: NO | G4778: NO | H4778: 0 | I4778: 0 | J4778: =IF(F4778="SI", "NA", IF(OR(E4778="Oracle Solaris", E4778="Windows Server 2008 R2", E4778="Windows Server 2003 R2", E4778="SunOS 10", E4778="SunOS 11.1", E4778="SunOS 11.2", E4778="SunOS 11.3", E4778="IBM AIX 6.1", E4778="IBM AIX 7.1", E4778="IBM AIX 7.2", E4778="IBM AIX 5.3", E4778="SunOS 9", E4778="SunOS 11.4.23.69.3", E4778="SunOS 11.0", E4778="SunOS 11.4", E4778="SunOS 11.4.0.15.0"), "Cortex not supported", "NA"))
A4779: 4774 | B4779: IXTAF4 | C4779: 10.119.144.28 | D4779: 00:21:28:A3:19:64 | F4779: NO | G4779: NO | H4779: 0 | I4779: 0 | J4779: =IF(F4779="SI", "NA", IF(OR(E4779="Oracle Solaris", E4779="Windows Server 2008 R2", E4779="Windows Server 2003 R2", E4779="SunOS 10", E4779="SunOS 11.1", E4779="SunOS 11.2", E4779="SunOS 11.3", E4779="IBM AIX 6.1", E4779="IBM AIX 7.1", E4779="IBM AIX 7.2", E4779="IBM AIX 5.3", E4779="SunOS 9", E4779="SunOS 11.4.23.69.3", E4779="SunOS 11.0", E4779="SunOS 11.4", E4779="SunOS 11.4.0.15.0"), "Cortex not supported", "NA"))
A4780: 4775 | B4780: IXTAF3 | C4780: 10.119.144.20 | D4780: 00:21:28:8E:1D:0A | F4780: NO | G4780: NO | H4780: 0 | I4780: 0 | J4780: =IF(F4780="SI", "NA", IF(OR(E4780="Oracle Solaris", E4780="Windows Server 2008 R2", E4780="Windows Server 2003 R2", E4780="SunOS 10", E4780="SunOS 11.1", E4780="SunOS 11.2", E4780="SunOS 11.3", E4780="IBM AIX 6.1", E4780="IBM AIX 7.1", E4780="IBM AIX 7.2", E4780="IBM AIX 5.3", E4780="SunOS 9", E4780="SunOS 11.4.23.69.3", E4780="SunOS 11.0", E4780="SunOS 11.4", E4780="SunOS 11.4.0.15.0"), "Cortex not supported", "NA"))
A4781: 4776 | B4781: IXTAF2 | C4781: 10.191.129.151 | D4781: 00:21:28:C0:99:EC | F4781: NO | G4781: NO | H4781: 0 | I4781: 0 | J4781: =IF(F4781="SI", "NA", IF(OR(E4781="Oracle Solaris", E4781="Windows Server 2008 R2", E4781="Windows Server 2003 R2", E4781="SunOS 10", E4781="SunOS 11.1", E4781="SunOS 11.2", E4781="SunOS 11.3", E4781="IBM AIX 6.1", E4781="IBM AIX 7.1", E4781="IBM AIX 7.2", E4781="IBM AIX 5.3", E4781="SunOS 9", E4781="SunOS 11.4.23.69.3", E4781="SunOS 11.0", E4781="SunOS 11.4", E4781="SunOS 11.4.0.15.0"), "Cortex not supported", "NA"))
A4782: 4777 | B4782: IXTAF1 | C4782: 10.191.129.136 | D4782: 00:21:28:C0:A2:D4 | F4782: NO | G4782: NO | H4782: 0 | I4782: 0 | J4782: =IF(F4782="SI", "NA", IF(OR(E4782="Oracle Solaris", E4782="Windows Server 2008 R2", E4782="Windows Server 2003 R2", E4782="SunOS 10", E4782="SunOS 11.1", E4782="SunOS 11.2", E4782="SunOS 11.3", E4782="IBM AIX 6.1", E4782="IBM AIX 7.1", E4782="IBM AIX 7.2", E4782="IBM AIX 5.3", E4782="SunOS 9", E4782="SunOS 11.4.23.69.3", E4782="SunOS 11.0", E4782="SunOS 11.4", E4782="SunOS 11.4.0.15.0"), "Cortex not supported", "NA"))
A4783: 4778 | B4783: UXINGHDR5 | C4783: 10.119.167.224 | D4783: 00:14:4F:FB:4B:36 | F4783: NO | G4783: NO | H4783: 0 | I4783: 0 | J4783: =IF(F4783="SI", "NA", IF(OR(E4783="Oracle Solaris", E4783="Windows Server 2008 R2", E4783="Windows Server 2003 R2", E4783="SunOS 10", E4783="SunOS 11.1", E4783="SunOS 11.2", E4783="SunOS 11.3", E4783="IBM AIX 6.1", E4783="IBM AIX 7.1", E4783="IBM AIX 7.2", E4783="IBM AIX 5.3", E4783="SunOS 9", E4783="SunOS 11.4.23.69.3", E4783="SunOS 11.0", E4783="SunOS 11.4", E4783="SunOS 11.4.0.15.0"), "Cortex not supported", "NA"))
A4784: 4779 | B4784: UXINGHDR3 | C4784: 10.119.167.221 | D4784: 00:14:4F:F9:AE:35 | F4784: NO | G4784: NO | H4784: 0 | I4784: 0 | J4784: =IF(F4784="SI", "NA", IF(OR(E4784="Oracle Solaris", E4784="Windows Server 2008 R2", E4784="Windows Server 2003 R2", E4784="SunOS 10", E4784="SunOS 11.1", E4784="SunOS 11.2", E4784="SunOS 11.3", E4784="IBM AIX 6.1", E4784="IBM AIX 7.1", E4784="IBM AIX 7.2", E4784="IBM AIX 5.3", E4784="SunOS 9", E4784="SunOS 11.4.23.69.3", E4784="SunOS 11.0", E4784="SunOS 11.4", E4784="SunOS 11.4.0.15.0"), "Cortex not supported", "NA"))
A4785: 4780 | B4785: ITHVRHANDARAP01.MYTELCEL.COM | C4785: 10.59.230.234 200.68.130.150 | D4785: 56:6F:3C:FD:02:C4 | E4785: Linux Red Hat 7.9 | F4785: SI | G4785: NO | H4785: 16 | I4785: 0 | J4785: =IF(F4785="SI", "NA", IF(OR(E4785="Oracle Solaris", E4785="Windows Server 2008 R2", E4785="Windows Server 2003 R2", E4785="SunOS 10", E4785="SunOS 11.1", E4785="SunOS 11.2", E4785="SunOS 11.3", E4785="IBM AIX 6.1", E4785="IBM AIX 7.1", E4785="IBM AIX 7.2", E4785="IBM AIX 5.3", E4785="SunOS 9", E4785="SunOS 11.4.23.69.3", E4785="SunOS 11.0", E4785="SunOS 11.4", E4785="SunOS 11.4.0.15.0"), "Cortex not supported", "NA"))
A4786: 4781 | B4786: ITHVRHANDARAP02.MYTELCEL.COM | C4786: 10.59.230.235 200.68.130.132 | D4786: 56:6F:3C:FD:02:CD | E4786: Linux Red Hat 7.9 | F4786: SI | G4786: NO | H4786: 13 | I4786: 0 | J4786: =IF(F4786="SI", "NA", IF(OR(E4786="Oracle Solaris", E4786="Windows Server 2008 R2", E4786="Windows Server 2003 R2", E4786="SunOS 10", E4786="SunOS 11.1", E4786="SunOS 11.2", E4786="SunOS 11.3", E4786="IBM AIX 6.1", E4786="IBM AIX 7.1", E4786="IBM AIX 7.2", E4786="IBM AIX 5.3", E4786="SunOS 9", E4786="SunOS 11.4.23.69.3", E4786="SunOS 11.0", E4786="SunOS 11.4", E4786="SunOS 11.4.0.15.0"), "Cortex not supported", "NA"))
A4787: 4782 | B4787: ITHVIBACTDAAPBD01 | C4787: 10.54.133.8 | D4787: B2:1A:75:6A:6B:09 | E4787: IBM AIX 7.2 | F4787: NO | G4787: NO | H4787: 0 | I4787: 0 | J4787: =IF(F4787="SI", "NA", IF(OR(E4787="Oracle Solaris", E4787="Windows Server 2008 R2", E4787="Windows Server 2003 R2", E4787="SunOS 10", E4787="SunOS 11.1", E4787="SunOS 11.2", E4787="SunOS 11.3", E4787="IBM AIX 6.1", E4787="IBM AIX 7.1", E4787="IBM AIX 7.2", E4787="IBM AIX 5.3", E4787="SunOS 9", E4787="SunOS 11.4.23.69.3", E4787="SunOS 11.0", E4787="SunOS 11.4", E4787="SunOS 11.4.0.15.0"), "Cortex not supported", "NA"))
A4788: 4783 | B4788: ITHVRHANDARAP03.MYTELCEL.COM | C4788: 10.59.230.236 200.68.130.151 | D4788: 56:6F:3C:FD:02:C5 | E4788: Linux Red Hat 7.9 | F4788: SI | G4788: NO | H4788: 13 | I4788: 0 | J4788: =IF(F4788="SI", "NA", IF(OR(E4788="Oracle Solaris", E4788="Windows Server 2008 R2", E4788="Windows Server 2003 R2", E4788="SunOS 10", E4788="SunOS 11.1", E4788="SunOS 11.2", E4788="SunOS 11.3", E4788="IBM AIX 6.1", E4788="IBM AIX 7.1", E4788="IBM AIX 7.2", E4788="IBM AIX 5.3", E4788="SunOS 9", E4788="SunOS 11.4.23.69.3", E4788="SunOS 11.0", E4788="SunOS 11.4", E4788="SunOS 11.4.0.15.0"), "Cortex not supported", "NA"))
A4789: 4784 | B4789: ITHHWMED1DE2 | C4789: 10.119.249.165 172.16.0.9 200.68.130.131 | D4789: FA:16:3E:98:73:74 FA:16:3E:AC:AB:82 | E4789: Linux Red Hat 7.7 | F4789: SI | G4789: NO | H4789: 104 | I4789: 0 | J4789: =IF(F4789="SI", "NA", IF(OR(E4789="Oracle Solaris", E4789="Windows Server 2008 R2", E4789="Windows Server 2003 R2", E4789="SunOS 10", E4789="SunOS 11.1", E4789="SunOS 11.2", E4789="SunOS 11.3", E4789="IBM AIX 6.1", E4789="IBM AIX 7.1", E4789="IBM AIX 7.2", E4789="IBM AIX 5.3", E4789="SunOS 9", E4789="SunOS 11.4.23.69.3", E4789="SunOS 11.0", E4789="SunOS 11.4", E4789="SunOS 11.4.0.15.0"), "Cortex not supported", "NA"))
A4790: 4785 | B4790: ITHFIBDISTABD01 | C4790: 10.54.133.5 | D4790: 34:80:0D:99:05:E8 | E4790: IBM AIX 7.2 | F4790: NO | G4790: SI | H4790: 0 | I4790: 0 | J4790: =IF(F4790="SI", "NA", IF(OR(E4790="Oracle Solaris", E4790="Windows Server 2008 R2", E4790="Windows Server 2003 R2", E4790="SunOS 10", E4790="SunOS 11.1", E4790="SunOS 11.2", E4790="SunOS 11.3", E4790="IBM AIX 6.1", E4790="IBM AIX 7.1", E4790="IBM AIX 7.2", E4790="IBM AIX 5.3", E4790="SunOS 9", E4790="SunOS 11.4.23.69.3", E4790="SunOS 11.0", E4790="SunOS 11.4", E4790="SunOS 11.4.0.15.0"), "Cortex not supported", "NA"))
A4791: 4786 | B4791: SFV1ICTD01 | C4791: 10.119.198.19 200.68.130.151 | D4791: 56:6F:3C:FD:01:B0 | E4791: Linux Red Hat 6.6 | F4791: SI | G4791: NO | H4791: 129 | I4791: 0 | J4791: =IF(F4791="SI", "NA", IF(OR(E4791="Oracle Solaris", E4791="Windows Server 2008 R2", E4791="Windows Server 2003 R2", E4791="SunOS 10", E4791="SunOS 11.1", E4791="SunOS 11.2", E4791="SunOS 11.3", E4791="IBM AIX 6.1", E4791="IBM AIX 7.1", E4791="IBM AIX 7.2", E4791="IBM AIX 5.3", E4791="SunOS 9", E4791="SunOS 11.4.23.69.3", E4791="SunOS 11.0", E4791="SunOS 11.4", E4791="SunOS 11.4.0.15.0"), "Cortex not supported", "NA"))
A4792: 4787 | B4792: ITHVY1VM6 | C4792: 10.119.224.137 | D4792: 28:80:23:A5:37:DC 28:80:23:A5:37:DD 28:80:23:A5:37:DE 28:80:23:A5:37:DF 28:80:23:B2:A1:1C 28:80:23:B2:A1:1D 28:80:23:B2:A1:1E 28:80:23:B2:A1:1F 28:80:23:B2:A3:94 28:80:23:B2:A3:96 94:57:A5:59:F3:04 94:57:A5:59:F3:05 94:57:A5:59:F3:06 94:57:A5:59:F3:07 | E4792: Linux Red Hat 7.1 | F4792: NO | G4792: SI | H4792: 0 | I4792: 0 | J4792: =IF(F4792="SI", "NA", IF(OR(E4792="Oracle Solaris", E4792="Windows Server 2008 R2", E4792="Windows Server 2003 R2", E4792="SunOS 10", E4792="SunOS 11.1", E4792="SunOS 11.2", E4792="SunOS 11.3", E4792="IBM AIX 6.1", E4792="IBM AIX 7.1", E4792="IBM AIX 7.2", E4792="IBM AIX 5.3", E4792="SunOS 9", E4792="SunOS 11.4.23.69.3", E4792="SunOS 11.0", E4792="SunOS 11.4", E4792="SunOS 11.4.0.15.0"), "Cortex not supported", "NA"))
A4793: 4788 | B4793: ITHVY1VM5 | C4793: 10.119.224.136 | D4793: 28:80:23:A5:64:00 28:80:23:A5:64:01 28:80:23:A5:64:02 28:80:23:A5:64:03 28:80:23:B2:A4:C4 28:80:23:B2:A4:C6 28:80:23:B2:C1:60 28:80:23:B2:C1:61 28:80:23:B2:C1:62 28:80:23:B2:C1:63 30:E1:71:6F:48:80 30:E1:71:6F:48:81 30:E1:71:6F:48:82 30:E1:71:6F:48:83 98:F2:B3:2A:45:78 98:F2:B3:2A:45:7A 98:F2:B3:2A:45:7B | E4793: Linux Red Hat 7.9 | F4793: NO | G4793: SI | H4793: 0 | I4793: 0 | J4793: =IF(F4793="SI", "NA", IF(OR(E4793="Oracle Solaris", E4793="Windows Server 2008 R2", E4793="Windows Server 2003 R2", E4793="SunOS 10", E4793="SunOS 11.1", E4793="SunOS 11.2", E4793="SunOS 11.3", E4793="IBM AIX 6.1", E4793="IBM AIX 7.1", E4793="IBM AIX 7.2", E4793="IBM AIX 5.3", E4793="SunOS 9", E4793="SunOS 11.4.23.69.3", E4793="SunOS 11.0", E4793="SunOS 11.4", E4793="SunOS 11.4.0.15.0"), "Cortex not supported", "NA"))
A4794: 4789 | B4794: BROKER-VM | C4794: 10.119.111.40 172.17.64.1 | D4794: 00:50:56:AC:93:09 1E:AC:31:0A:FA:63 | E4794: Linux Ubuntu 20.04.6 | F4794: NO | G4794: NO | H4794: 0 | I4794: 0 | J4794: =IF(F4794="SI", "NA", IF(OR(E4794="Oracle Solaris", E4794="Windows Server 2008 R2", E4794="Windows Server 2003 R2", E4794="SunOS 10", E4794="SunOS 11.1", E4794="SunOS 11.2", E4794="SunOS 11.3", E4794="IBM AIX 6.1", E4794="IBM AIX 7.1", E4794="IBM AIX 7.2", E4794="IBM AIX 5.3", E4794="SunOS 9", E4794="SunOS 11.4.23.69.3", E4794="SunOS 11.0", E4794="SunOS 11.4", E4794="SunOS 11.4.0.15.0"), "Cortex not supported", "NA"))
A4795: 4790 | B4795: BROKER-VM | C4795: 10.119.111.21 172.17.64.1 | D4795: 00:50:56:AC:21:A7 12:0B:AD:8C:9F:75 | E4795: Linux Ubuntu 20.04.6 | F4795: NO | G4795: NO | H4795: 0 | I4795: 0 | J4795: =IF(F4795="SI", "NA", IF(OR(E4795="Oracle Solaris", E4795="Windows Server 2008 R2", E4795="Windows Server 2003 R2", E4795="SunOS 10", E4795="SunOS 11.1", E4795="SunOS 11.2", E4795="SunOS 11.3", E4795="IBM AIX 6.1", E4795="IBM AIX 7.1", E4795="IBM AIX 7.2", E4795="IBM AIX 5.3", E4795="SunOS 9", E4795="SunOS 11.4.23.69.3", E4795="SunOS 11.0", E4795="SunOS 11.4", E4795="SunOS 11.4.0.15.0"), "Cortex not supported", "NA"))
A4796: 4791 | B4796: ITHVHPEDALVC01 | C4796: 10.54.137.234 | D4796: 00:0C:29:DE:3D:05 | E4796: Linux Photon OS (64-bit) | F4796: NO | G4796: NO | H4796: 0 | I4796: 0 | J4796: =IF(F4796="SI", "NA", IF(OR(E4796="Oracle Solaris", E4796="Windows Server 2008 R2", E4796="Windows Server 2003 R2", E4796="SunOS 10", E4796="SunOS 11.1", E4796="SunOS 11.2", E4796="SunOS 11.3", E4796="IBM AIX 6.1", E4796="IBM AIX 7.1", E4796="IBM AIX 7.2", E4796="IBM AIX 5.3", E4796="SunOS 9", E4796="SunOS 11.4.23.69.3", E4796="SunOS 11.0", E4796="SunOS 11.4", E4796="SunOS 11.4.0.15.0"), "Cortex not supported", "NA"))
... A4799: 4794 | B4799: ITHFZTTANGRPOTB1E | C4799: 10.152.27.45 | D4799: B4:96:91:AA:2F:E2 | E4799: Linux Red Hat 7.6 | F4799: NO | G4799: NO | H4799: 0 | I4799: 0 | J4799: =IF(F4799="SI", "NA", IF(OR(E4799="Oracle Solaris", E4799="Windows Server 2008 R2", E4799="Windows Server 2003 R2", E4799="SunOS 10", E4799="SunOS 11.1", E4799="SunOS 11.2", E4799="SunOS 11.3", E4799="IBM AIX 6.1", E4799="IBM AIX 7.1", E4799="IBM AIX 7.2", E4799="IBM AIX 5.3", E4799="SunOS 9", E4799="SunOS 11.4.23.69.3", E4799="SunOS 11.0", E4799="SunOS 11.4", E4799="SunOS 11.4.0.15.0"), "Cortex not supported", "NA"))
A4800: 4795 | B4800: ITHFHPTMIPLVCP101 | C4800: 10.119.78.76 | D4800: EE:CA:39:10:00:03 | F4800: NO | G4800: NO | H4800: 0 | I4800: 0 | J4800: =IF(F4800="SI", "NA", IF(OR(E4800="Oracle Solaris", E4800="Windows Server 2008 R2", E4800="Windows Server 2003 R2", E4800="SunOS 10", E4800="SunOS 11.1", E4800="SunOS 11.2", E4800="SunOS 11.3", E4800="IBM AIX 6.1", E4800="IBM AIX 7.1", E4800="IBM AIX 7.2", E4800="IBM AIX 5.3", E4800="SunOS 9", E4800="SunOS 11.4.23.69.3", E4800="SunOS 11.0", E4800="SunOS 11.4", E4800="SunOS 11.4.0.15.0"), "Cortex not supported", "NA"))
A4801: 4796 | B4801: ITHFHPTMIPLVCP103 | C4801: 10.119.78.78 | D4801: EE:CA:39:10:00:16 | F4801: NO | G4801: NO | H4801: 0 | I4801: 0 | J4801: =IF(F4801="SI", "NA", IF(OR(E4801="Oracle Solaris", E4801="Windows Server 2008 R2", E4801="Windows Server 2003 R2", E4801="SunOS 10", E4801="SunOS 11.1", E4801="SunOS 11.2", E4801="SunOS 11.3", E4801="IBM AIX 6.1", E4801="IBM AIX 7.1", E4801="IBM AIX 7.2", E4801="IBM AIX 5.3", E4801="SunOS 9", E4801="SunOS 11.4.23.69.3", E4801="SunOS 11.0", E4801="SunOS 11.4", E4801="SunOS 11.4.0.15.0"), "Cortex not supported", "NA"))
A4802: 4797 | B4802: ITHFHPTMIPLVCP104 | C4802: 10.119.78.79 | D4802: EE:CA:39:10:00:1B | F4802: NO | G4802: NO | H4802: 0 | I4802: 0 | J4802: =IF(F4802="SI", "NA", IF(OR(E4802="Oracle Solaris", E4802="Windows Server 2008 R2", E4802="Windows Server 2003 R2", E4802="SunOS 10", E4802="SunOS 11.1", E4802="SunOS 11.2", E4802="SunOS 11.3", E4802="IBM AIX 6.1", E4802="IBM AIX 7.1", E4802="IBM AIX 7.2", E4802="IBM AIX 5.3", E4802="SunOS 9", E4802="SunOS 11.4.23.69.3", E4802="SunOS 11.0", E4802="SunOS 11.4", E4802="SunOS 11.4.0.15.0"), "Cortex not supported", "NA"))
A4803: 4798 | B4803: ITHFHPTMIPLVCP102 | C4803: 10.119.78.77 | D4803: EE:CA:39:10:00:0E | F4803: NO | G4803: NO | H4803: 0 | I4803: 0 | J4803: =IF(F4803="SI", "NA", IF(OR(E4803="Oracle Solaris", E4803="Windows Server 2008 R2", E4803="Windows Server 2003 R2", E4803="SunOS 10", E4803="SunOS 11.1", E4803="SunOS 11.2", E4803="SunOS 11.3", E4803="IBM AIX 6.1", E4803="IBM AIX 7.1", E4803="IBM AIX 7.2", E4803="IBM AIX 5.3", E4803="SunOS 9", E4803="SunOS 11.4.23.69.3", E4803="SunOS 11.0", E4803="SunOS 11.4", E4803="SunOS 11.4.0.15.0"), "Cortex not supported", "NA"))
A4804: 4799 | B4804: ITHFHPEDALCN03 | C4804: 10.54.137.233 | D4804: D4:F5:EF:53:71:D0 | E4804: VMWare ESXi 8.0.3 | F4804: NO | G4804: NO | H4804: 0 | I4804: 0 | J4804: =IF(F4804="SI", "NA", IF(OR(E4804="Oracle Solaris", E4804="Windows Server 2008 R2", E4804="Windows Server 2003 R2", E4804="SunOS 10", E4804="SunOS 11.1", E4804="SunOS 11.2", E4804="SunOS 11.3", E4804="IBM AIX 6.1", E4804="IBM AIX 7.1", E4804="IBM AIX 7.2", E4804="IBM AIX 5.3", E4804="SunOS 9", E4804="SunOS 11.4.23.69.3", E4804="SunOS 11.0", E4804="SunOS 11.4", E4804="SunOS 11.4.0.15.0"), "Cortex not supported", "NA"))
A4805: 4800 | B4805: ITHFHPEDALCN02 | C4805: 10.54.137.232 | D4805: D4:F5:EF:52:59:20 | E4805: VMWare ESXi 8.0.3 | F4805: NO | G4805: NO | H4805: 0 | I4805: 0 | J4805: =IF(F4805="SI", "NA", IF(OR(E4805="Oracle Solaris", E4805="Windows Server 2008 R2", E4805="Windows Server 2003 R2", E4805="SunOS 10", E4805="SunOS 11.1", E4805="SunOS 11.2", E4805="SunOS 11.3", E4805="IBM AIX 6.1", E4805="IBM AIX 7.1", E4805="IBM AIX 7.2", E4805="IBM AIX 5.3", E4805="SunOS 9", E4805="SunOS 11.4.23.69.3", E4805="SunOS 11.0", E4805="SunOS 11.4", E4805="SunOS 11.4.0.15.0"), "Cortex not supported", "NA"))
A4806: 4801 | B4806: ITHFHPEDALCN01 | C4806: 10.54.137.231 | D4806: D4:F5:EF:53:72:F0 | E4806: VMWare ESXi 8.0.3 | F4806: NO | G4806: NO | H4806: 0 | I4806: 0 | J4806: =IF(F4806="SI", "NA", IF(OR(E4806="Oracle Solaris", E4806="Windows Server 2008 R2", E4806="Windows Server 2003 R2", E4806="SunOS 10", E4806="SunOS 11.1", E4806="SunOS 11.2", E4806="SunOS 11.3", E4806="IBM AIX 6.1", E4806="IBM AIX 7.1", E4806="IBM AIX 7.2", E4806="IBM AIX 5.3", E4806="SunOS 9", E4806="SunOS 11.4.23.69.3", E4806="SunOS 11.0", E4806="SunOS 11.4", E4806="SunOS 11.4.0.15.0"), "Cortex not supported", "NA"))
A4807: 4802 | B4807: ITHAI9 | C4807: 10.54.137.36 | D4807: 98:F2:B3:22:93:A6 98:F2:B3:22:93:A7 B4:7A:F1:4C:C3:40 B4:7A:F1:4C:C3:41 B4:7A:F1:4C:C3:42 B4:7A:F1:4C:C3:43 | E4807: Linux Red Hat Server 7.4 | F4807: NO | G4807: NO | H4807: 109 | I4807: 0 | J4807: =IF(F4807="SI", "NA", IF(OR(E4807="Oracle Solaris", E4807="Windows Server 2008 R2", E4807="Windows Server 2003 R2", E4807="SunOS 10", E4807="SunOS 11.1", E4807="SunOS 11.2", E4807="SunOS 11.3", E4807="IBM AIX 6.1", E4807="IBM AIX 7.1", E4807="IBM AIX 7.2", E4807="IBM AIX 5.3", E4807="SunOS 9", E4807="SunOS 11.4.23.69.3", E4807="SunOS 11.0", E4807="SunOS 11.4", E4807="SunOS 11.4.0.15.0"), "Cortex not supported", "NA"))
A4808: 4803 | B4808: ITHAI10 | C4808: 10.54.137.52 | D4808: 98:F2:B3:22:B9:7A 98:F2:B3:22:B9:7B B4:7A:F1:4C:A3:6C B4:7A:F1:4C:A3:6D B4:7A:F1:4C:A3:6E B4:7A:F1:4C:A3:6F | E4808: Linux Red Hat Server 7.4 | F4808: NO | G4808: NO | H4808: 109 | I4808: 0 | J4808: =IF(F4808="SI", "NA", IF(OR(E4808="Oracle Solaris", E4808="Windows Server 2008 R2", E4808="Windows Server 2003 R2", E4808="SunOS 10", E4808="SunOS 11.1", E4808="SunOS 11.2", E4808="SunOS 11.3", E4808="IBM AIX 6.1", E4808="IBM AIX 7.1", E4808="IBM AIX 7.2", E4808="IBM AIX 5.3", E4808="SunOS 9", E4808="SunOS 11.4.23.69.3", E4808="SunOS 11.0", E4808="SunOS 11.4", E4808="SunOS 11.4.0.15.0"), "Cortex not supported", "NA"))
A4809: 4804 | B4809: [] | C4809: 10.119.3.22 | D4809: FE:18:C3:EB:69:02 | F4809: NO | G4809: NO | H4809: 0 | I4809: 0 | J4809: =IF(F4809="SI", "NA", IF(OR(E4809="Oracle Solaris", E4809="Windows Server 2008 R2", E4809="Windows Server 2003 R2", E4809="SunOS 10", E4809="SunOS 11.1", E4809="SunOS 11.2", E4809="SunOS 11.3", E4809="IBM AIX 6.1", E4809="IBM AIX 7.1", E4809="IBM AIX 7.2", E4809="IBM AIX 5.3", E4809="SunOS 9", E4809="SunOS 11.4.23.69.3", E4809="SunOS 11.0", E4809="SunOS 11.4", E4809="SunOS 11.4.0.15.0"), "Cortex not supported", "NA"))
A4810: 4805 | B4810: UXSBOPP01 | C4810: 10.119.137.38 | D4810: 00:14:4F:FA:74:65 | F4810: NO | G4810: NO | H4810: 0 | I4810: 0 | J4810: =IF(F4810="SI", "NA", IF(OR(E4810="Oracle Solaris", E4810="Windows Server 2008 R2", E4810="Windows Server 2003 R2", E4810="SunOS 10", E4810="SunOS 11.1", E4810="SunOS 11.2", E4810="SunOS 11.3", E4810="IBM AIX 6.1", E4810="IBM AIX 7.1", E4810="IBM AIX 7.2", E4810="IBM AIX 5.3", E4810="SunOS 9", E4810="SunOS 11.4.23.69.3", E4810="SunOS 11.0", E4810="SunOS 11.4", E4810="SunOS 11.4.0.15.0"), "Cortex not supported", "NA"))
A4811: 4806 | B4811: [] | C4811: 10.119.162.167 | D4811: D6:51:8A:D2:FA:02 | F4811: NO | G4811: NO | H4811: 0 | I4811: 0 | J4811: =IF(F4811="SI", "NA", IF(OR(E4811="Oracle Solaris", E4811="Windows Server 2008 R2", E4811="Windows Server 2003 R2", E4811="SunOS 10", E4811="SunOS 11.1", E4811="SunOS 11.2", E4811="SunOS 11.3", E4811="IBM AIX 6.1", E4811="IBM AIX 7.1", E4811="IBM AIX 7.2", E4811="IBM AIX 5.3", E4811="SunOS 9", E4811="SunOS 11.4.23.69.3", E4811="SunOS 11.0", E4811="SunOS 11.4", E4811="SunOS 11.4.0.15.0"), "Cortex not supported", "NA"))
A4812: 4807 | B4812: [] | C4812: 10.119.162.138 | D4812: F2:F3:69:A7:2D:02 | F4812: NO | G4812: NO | H4812: 0 | I4812: 0 | J4812: =IF(F4812="SI", "NA", IF(OR(E4812="Oracle Solaris", E4812="Windows Server 2008 R2", E4812="Windows Server 2003 R2", E4812="SunOS 10", E4812="SunOS 11.1", E4812="SunOS 11.2", E4812="SunOS 11.3", E4812="IBM AIX 6.1", E4812="IBM AIX 7.1", E4812="IBM AIX 7.2", E4812="IBM AIX 5.3", E4812="SunOS 9", E4812="SunOS 11.4.23.69.3", E4812="SunOS 11.0", E4812="SunOS 11.4", E4812="SunOS 11.4.0.15.0"), "Cortex not supported", "NA"))
A4813: 4808 | B4813: UXCORBD3 | C4813: 10.119.162.170 172.2.2.5 | D4813: D6:51:80:2A:78:02 E4:1F:13:4F:64:78 | E4813: IBM AIX 7.1 | F4813: NO | G4813: SI | H4813: 0 | I4813: 0 | J4813: =IF(F4813="SI", "NA", IF(OR(E4813="Oracle Solaris", E4813="Windows Server 2008 R2", E4813="Windows Server 2003 R2", E4813="SunOS 10", E4813="SunOS 11.1", E4813="SunOS 11.2", E4813="SunOS 11.3", E4813="IBM AIX 6.1", E4813="IBM AIX 7.1", E4813="IBM AIX 7.2", E4813="IBM AIX 5.3", E4813="SunOS 9", E4813="SunOS 11.4.23.69.3", E4813="SunOS 11.0", E4813="SunOS 11.4", E4813="SunOS 11.4.0.15.0"), "Cortex not supported", "NA"))
A4814: 4809 | B4814: UXCOMQA5 | C4814: 10.191.43.43 | D4814: E4:1F:13:4F:8B:9A | E4814: IBM AIX 6.1 | F4814: NO | G4814: NO | H4814: 0 | I4814: 0 | J4814: =IF(F4814="SI", "NA", IF(OR(E4814="Oracle Solaris", E4814="Windows Server 2008 R2", E4814="Windows Server 2003 R2", E4814="SunOS 10", E4814="SunOS 11.1", E4814="SunOS 11.2", E4814="SunOS 11.3", E4814="IBM AIX 6.1", E4814="IBM AIX 7.1", E4814="IBM AIX 7.2", E4814="IBM AIX 5.3", E4814="SunOS 9", E4814="SunOS 11.4.23.69.3", E4814="SunOS 11.0", E4814="SunOS 11.4", E4814="SunOS 11.4.0.15.0"), "Cortex not supported", "NA"))
A4815: 4810 | B4815: UXCOMQA2 | C4815: 10.191.43.40 | D4815: E4:1F:13:4F:C5:16 | E4815: IBM AIX 6.1 | F4815: NO | G4815: NO | H4815: 0 | I4815: 0 | J4815: =IF(F4815="SI", "NA", IF(OR(E4815="Oracle Solaris", E4815="Windows Server 2008 R2", E4815="Windows Server 2003 R2", E4815="SunOS 10", E4815="SunOS 11.1", E4815="SunOS 11.2", E4815="SunOS 11.3", E4815="IBM AIX 6.1", E4815="IBM AIX 7.1", E4815="IBM AIX 7.2", E4815="IBM AIX 5.3", E4815="SunOS 9", E4815="SunOS 11.4.23.69.3", E4815="SunOS 11.0", E4815="SunOS 11.4", E4815="SunOS 11.4.0.15.0"), "Cortex not supported", "NA"))
A4816: 4811 | B4816: RHADM | C4816: 10.191.241.25 | D4816: 98:BE:94:78:7F:6E | E4816: IBM AIX 7.2 | F4816: NO | G4816: SI | H4816: 0 | I4816: 0 | J4816: =IF(F4816="SI", "NA", IF(OR(E4816="Oracle Solaris", E4816="Windows Server 2008 R2", E4816="Windows Server 2003 R2", E4816="SunOS 10", E4816="SunOS 11.1", E4816="SunOS 11.2", E4816="SunOS 11.3", E4816="IBM AIX 6.1", E4816="IBM AIX 7.1", E4816="IBM AIX 7.2", E4816="IBM AIX 5.3", E4816="SunOS 9", E4816="SunOS 11.4.23.69.3", E4816="SunOS 11.0", E4816="SunOS 11.4", E4816="SunOS 11.4.0.15.0"), "Cortex not supported", "NA"))
A4817: 4812 | B4817: ITHHWPRS1WS06 | C4817: 10.119.200.148 138.1.0.148 200.68.130.151 | D4817: FA:16:3E:7E:FB:0C FA:16:3E:FD:1B:1E | E4817: Linux Red Hat 7.2 | F4817: SI | G4817: NO | H4817: 22 | I4817: 0 | J4817: =IF(F4817="SI", "NA", IF(OR(E4817="Oracle Solaris", E4817="Windows Server 2008 R2", E4817="Windows Server 2003 R2", E4817="SunOS 10", E4817="SunOS 11.1", E4817="SunOS 11.2", E4817="SunOS 11.3", E4817="IBM AIX 6.1", E4817="IBM AIX 7.1", E4817="IBM AIX 7.2", E4817="IBM AIX 5.3", E4817="SunOS 9", E4817="SunOS 11.4.23.69.3", E4817="SunOS 11.0", E4817="SunOS 11.4", E4817="SunOS 11.4.0.15.0"), "Cortex not supported", "NA"))
A4818: 4813 | B4818: ITHHWPRS1WS04 | C4818: 10.119.200.146 138.1.0.146 200.68.130.131 | D4818: FA:16:3E:52:9A:4E FA:16:3E:B3:39:22 | E4818: Linux Red Hat 7.2 | F4818: SI | G4818: NO | H4818: 22 | I4818: 0 | J4818: =IF(F4818="SI", "NA", IF(OR(E4818="Oracle Solaris", E4818="Windows Server 2008 R2", E4818="Windows Server 2003 R2", E4818="SunOS 10", E4818="SunOS 11.1", E4818="SunOS 11.2", E4818="SunOS 11.3", E4818="IBM AIX 6.1", E4818="IBM AIX 7.1", E4818="IBM AIX 7.2", E4818="IBM AIX 5.3", E4818="SunOS 9", E4818="SunOS 11.4.23.69.3", E4818="SunOS 11.0", E4818="SunOS 11.4", E4818="SunOS 11.4.0.15.0"), "Cortex not supported", "NA"))
A4819: 4814 | B4819: ITHHWPRS1WS02 | C4819: 10.119.200.144 138.1.0.144 200.68.130.150 | D4819: FA:16:3E:09:BE:76 FA:16:3E:DE:CC:29 | E4819: Linux Red Hat 7.2 | F4819: SI | G4819: NO | H4819: 303 | I4819: 0 | J4819: =IF(F4819="SI", "NA", IF(OR(E4819="Oracle Solaris", E4819="Windows Server 2008 R2", E4819="Windows Server 2003 R2", E4819="SunOS 10", E4819="SunOS 11.1", E4819="SunOS 11.2", E4819="SunOS 11.3", E4819="IBM AIX 6.1", E4819="IBM AIX 7.1", E4819="IBM AIX 7.2", E4819="IBM AIX 5.3", E4819="SunOS 9", E4819="SunOS 11.4.23.69.3", E4819="SunOS 11.0", E4819="SunOS 11.4", E4819="SunOS 11.4.0.15.0"), "Cortex not supported", "NA"))
A4820: 4815 | B4820: ITHHWCRAT16 | C4820: 10.119.209.191 192.168.17.1 200.68.130.130 | D4820: 78:58:60:21:BB:57 78:58:60:21:BB:59 | E4820: Linux Red Hat 7.4 | F4820: SI | G4820: NO | H4820: 0 | I4820: 0 | J4820: =IF(F4820="SI", "NA", IF(OR(E4820="Oracle Solaris", E4820="Windows Server 2008 R2", E4820="Windows Server 2003 R2", E4820="SunOS 10", E4820="SunOS 11.1", E4820="SunOS 11.2", E4820="SunOS 11.3", E4820="IBM AIX 6.1", E4820="IBM AIX 7.1", E4820="IBM AIX 7.2", E4820="IBM AIX 5.3", E4820="SunOS 9", E4820="SunOS 11.4.23.69.3", E4820="SunOS 11.0", E4820="SunOS 11.4", E4820="SunOS 11.4.0.15.0"), "Cortex not supported", "NA"))
A4821: 4816 | B4821: ITHHWCRAT20 | C4821: 10.119.209.193 192.168.17.3 200.68.130.132 | D4821: 78:58:60:21:BB:37 78:58:60:21:BB:39 | E4821: Linux Red Hat 7.4 | F4821: SI | G4821: NO | H4821: 236 | I4821: 0 | J4821: =IF(F4821="SI", "NA", IF(OR(E4821="Oracle Solaris", E4821="Windows Server 2008 R2", E4821="Windows Server 2003 R2", E4821="SunOS 10", E4821="SunOS 11.1", E4821="SunOS 11.2", E4821="SunOS 11.3", E4821="IBM AIX 6.1", E4821="IBM AIX 7.1", E4821="IBM AIX 7.2", E4821="IBM AIX 5.3", E4821="SunOS 9", E4821="SunOS 11.4.23.69.3", E4821="SunOS 11.0", E4821="SunOS 11.4", E4821="SunOS 11.4.0.15.0"), "Cortex not supported", "NA"))
A4822: 4817 | B4822: ITHHWCPRT02 | C4822: 10.119.209.124 200.68.130.130 | D4822: FA:16:3E:04:13:3C | E4822: Linux Red Hat 7.4 | F4822: SI | G4822: NO | H4822: 0 | I4822: 0 | J4822: =IF(F4822="SI", "NA", IF(OR(E4822="Oracle Solaris", E4822="Windows Server 2008 R2", E4822="Windows Server 2003 R2", E4822="SunOS 10", E4822="SunOS 11.1", E4822="SunOS 11.2", E4822="SunOS 11.3", E4822="IBM AIX 6.1", E4822="IBM AIX 7.1", E4822="IBM AIX 7.2", E4822="IBM AIX 5.3", E4822="SunOS 9", E4822="SunOS 11.4.23.69.3", E4822="SunOS 11.0", E4822="SunOS 11.4", E4822="SunOS 11.4.0.15.0"), "Cortex not supported", "NA"))
A4823: 4818 | B4823: ITHHWCUPD22 | C4823: 10.119.209.194 192.168.17.4 200.68.130.150 | D4823: 78:58:60:21:BA:0B 78:58:60:21:BA:0D | E4823: Linux Red Hat 7.4 | F4823: SI | G4823: NO | H4823: 27 | I4823: 0 | J4823: =IF(F4823="SI", "NA", IF(OR(E4823="Oracle Solaris", E4823="Windows Server 2008 R2", E4823="Windows Server 2003 R2", E4823="SunOS 10", E4823="SunOS 11.1", E4823="SunOS 11.2", E4823="SunOS 11.3", E4823="IBM AIX 6.1", E4823="IBM AIX 7.1", E4823="IBM AIX 7.2", E4823="IBM AIX 5.3", E4823="SunOS 9", E4823="SunOS 11.4.23.69.3", E4823="SunOS 11.0", E4823="SunOS 11.4", E4823="SunOS 11.4.0.15.0"), "Cortex not supported", "NA"))
A4824: 4819 | B4824: ITHHWCRAT18 | C4824: 10.119.209.192 192.168.17.2 200.68.130.150 | D4824: 78:58:60:21:BA:D3 78:58:60:21:BA:D5 | E4824: Linux Red Hat 7.4 | F4824: SI | G4824: NO | H4824: 26 | I4824: 0 | J4824: =IF(F4824="SI", "NA", IF(OR(E4824="Oracle Solaris", E4824="Windows Server 2008 R2", E4824="Windows Server 2003 R2", E4824="SunOS 10", E4824="SunOS 11.1", E4824="SunOS 11.2", E4824="SunOS 11.3", E4824="IBM AIX 6.1", E4824="IBM AIX 7.1", E4824="IBM AIX 7.2", E4824="IBM AIX 5.3", E4824="SunOS 9", E4824="SunOS 11.4.23.69.3", E4824="SunOS 11.0", E4824="SunOS 11.4", E4824="SunOS 11.4.0.15.0"), "Cortex not supported", "NA"))
... A4837: 4832 | B4837: UXWASIX504 | C4837: 10.191.106.119 | D4837: 7E:1D:39:09:63:02 | E4837: IBM AIX 7.1 | F4837: NO | G4837: SI | H4837: 0 | I4837: 0 | J4837: =IF(F4837="SI", "NA", IF(OR(E4837="Oracle Solaris", E4837="Windows Server 2008 R2", E4837="Windows Server 2003 R2", E4837="SunOS 10", E4837="SunOS 11.1", E4837="SunOS 11.2", E4837="SunOS 11.3", E4837="IBM AIX 6.1", E4837="IBM AIX 7.1", E4837="IBM AIX 7.2", E4837="IBM AIX 5.3", E4837="SunOS 9", E4837="SunOS 11.4.23.69.3", E4837="SunOS 11.0", E4837="SunOS 11.4", E4837="SunOS 11.4.0.15.0"), "Cortex not supported", "NA"))
A4838: 4833 | B4838: [] | C4838: 10.119.162.174 | D4838: D6:51:86:46:FD:02 | F4838: NO | G4838: NO | H4838: 0 | I4838: 0 | J4838: =IF(F4838="SI", "NA", IF(OR(E4838="Oracle Solaris", E4838="Windows Server 2008 R2", E4838="Windows Server 2003 R2", E4838="SunOS 10", E4838="SunOS 11.1", E4838="SunOS 11.2", E4838="SunOS 11.3", E4838="IBM AIX 6.1", E4838="IBM AIX 7.1", E4838="IBM AIX 7.2", E4838="IBM AIX 5.3", E4838="SunOS 9", E4838="SunOS 11.4.23.69.3", E4838="SunOS 11.0", E4838="SunOS 11.4", E4838="SunOS 11.4.0.15.0"), "Cortex not supported", "NA"))
A4839: 4834 | B4839: UXGSM005 | C4839: 10.191.125.21 | D4839: 00:21:28:F1:E2:4E | F4839: NO | G4839: NO | H4839: 0 | I4839: 0 | J4839: =IF(F4839="SI", "NA", IF(OR(E4839="Oracle Solaris", E4839="Windows Server 2008 R2", E4839="Windows Server 2003 R2", E4839="SunOS 10", E4839="SunOS 11.1", E4839="SunOS 11.2", E4839="SunOS 11.3", E4839="IBM AIX 6.1", E4839="IBM AIX 7.1", E4839="IBM AIX 7.2", E4839="IBM AIX 5.3", E4839="SunOS 9", E4839="SunOS 11.4.23.69.3", E4839="SunOS 11.0", E4839="SunOS 11.4", E4839="SunOS 11.4.0.15.0"), "Cortex not supported", "NA"))
A4840: 4835 | B4840: UXDXBCK02 | C4840: 10.191.107.11 | D4840: A0:36:9F:61:67:1A | F4840: NO | G4840: NO | H4840: 0 | I4840: 0 | J4840: =IF(F4840="SI", "NA", IF(OR(E4840="Oracle Solaris", E4840="Windows Server 2008 R2", E4840="Windows Server 2003 R2", E4840="SunOS 10", E4840="SunOS 11.1", E4840="SunOS 11.2", E4840="SunOS 11.3", E4840="IBM AIX 6.1", E4840="IBM AIX 7.1", E4840="IBM AIX 7.2", E4840="IBM AIX 5.3", E4840="SunOS 9", E4840="SunOS 11.4.23.69.3", E4840="SunOS 11.0", E4840="SunOS 11.4", E4840="SunOS 11.4.0.15.0"), "Cortex not supported", "NA"))
A4841: 4836 | B4841: UXCORAP3 | C4841: 10.119.162.169 | D4841: D6:51:8E:BD:0E:02 | E4841: IBM AIX 7.1 | F4841: NO | G4841: SI | H4841: 0 | I4841: 0 | J4841: =IF(F4841="SI", "NA", IF(OR(E4841="Oracle Solaris", E4841="Windows Server 2008 R2", E4841="Windows Server 2003 R2", E4841="SunOS 10", E4841="SunOS 11.1", E4841="SunOS 11.2", E4841="SunOS 11.3", E4841="IBM AIX 6.1", E4841="IBM AIX 7.1", E4841="IBM AIX 7.2", E4841="IBM AIX 5.3", E4841="SunOS 9", E4841="SunOS 11.4.23.69.3", E4841="SunOS 11.0", E4841="SunOS 11.4", E4841="SunOS 11.4.0.15.0"), "Cortex not supported", "NA"))
A4842: 4837 | B4842: SFV1SUBP01 | C4842: 10.119.198.140 200.68.130.131 | D4842: 56:6F:3C:FD:02:F1 | E4842: Linux Red Hat 7.3 | F4842: SI | G4842: NO | H4842: 14 | I4842: 0 | J4842: =IF(F4842="SI", "NA", IF(OR(E4842="Oracle Solaris", E4842="Windows Server 2008 R2", E4842="Windows Server 2003 R2", E4842="SunOS 10", E4842="SunOS 11.1", E4842="SunOS 11.2", E4842="SunOS 11.3", E4842="IBM AIX 6.1", E4842="IBM AIX 7.1", E4842="IBM AIX 7.2", E4842="IBM AIX 5.3", E4842="SunOS 9", E4842="SunOS 11.4.23.69.3", E4842="SunOS 11.0", E4842="SunOS 11.4", E4842="SunOS 11.4.0.15.0"), "Cortex not supported", "NA"))
A4843: 4838 | B4843: SFV1SAFD01 | C4843: 10.119.198.39 200.68.130.132 | D4843: 56:6F:3C:FD:02:F0 | E4843: Linux Red Hat 7.3 | F4843: SI | G4843: NO | H4843: 167 | I4843: 0 | J4843: =IF(F4843="SI", "NA", IF(OR(E4843="Oracle Solaris", E4843="Windows Server 2008 R2", E4843="Windows Server 2003 R2", E4843="SunOS 10", E4843="SunOS 11.1", E4843="SunOS 11.2", E4843="SunOS 11.3", E4843="IBM AIX 6.1", E4843="IBM AIX 7.1", E4843="IBM AIX 7.2", E4843="IBM AIX 5.3", E4843="SunOS 9", E4843="SunOS 11.4.23.69.3", E4843="SunOS 11.0", E4843="SunOS 11.4", E4843="SunOS 11.4.0.15.0"), "Cortex not supported", "NA"))
A4844: 4839 | B4844: ITHHWDNSINT01 | C4844: 10.119.248.13 | D4844: 00:50:56:AC:37:65 00:50:56:AC:3D:DA 00:50:56:AC:99:5F 00:50:56:AC:CA:AD 02:42:38:46:18:B5 | E4844: Linux Fedora | F4844: NO | G4844: NO | H4844: 0 | I4844: 0 | J4844: =IF(F4844="SI", "NA", IF(OR(E4844="Oracle Solaris", E4844="Windows Server 2008 R2", E4844="Windows Server 2003 R2", E4844="SunOS 10", E4844="SunOS 11.1", E4844="SunOS 11.2", E4844="SunOS 11.3", E4844="IBM AIX 6.1", E4844="IBM AIX 7.1", E4844="IBM AIX 7.2", E4844="IBM AIX 5.3", E4844="SunOS 9", E4844="SunOS 11.4.23.69.3", E4844="SunOS 11.0", E4844="SunOS 11.4", E4844="SunOS 11.4.0.15.0"), "Cortex not supported", "NA"))
A4845: 4840 | B4845: UXWASIX1211 | C4845: 10.119.219.229 | D4845: BE:B8:8E:8F:41:02 | E4845: IBM AIX 7.1 | F4845: NO | G4845: SI | H4845: 0 | I4845: 0 | J4845: =IF(F4845="SI", "NA", IF(OR(E4845="Oracle Solaris", E4845="Windows Server 2008 R2", E4845="Windows Server 2003 R2", E4845="SunOS 10", E4845="SunOS 11.1", E4845="SunOS 11.2", E4845="SunOS 11.3", E4845="IBM AIX 6.1", E4845="IBM AIX 7.1", E4845="IBM AIX 7.2", E4845="IBM AIX 5.3", E4845="SunOS 9", E4845="SunOS 11.4.23.69.3", E4845="SunOS 11.0", E4845="SunOS 11.4", E4845="SunOS 11.4.0.15.0"), "Cortex not supported", "NA"))
A4846: 4841 | B4846: UXWASIX1212 | C4846: 10.119.219.230 | D4846: BE:B8:81:47:E6:02 | E4846: IBM AIX 7.1 | F4846: NO | G4846: SI | H4846: 0 | I4846: 0 | J4846: =IF(F4846="SI", "NA", IF(OR(E4846="Oracle Solaris", E4846="Windows Server 2008 R2", E4846="Windows Server 2003 R2", E4846="SunOS 10", E4846="SunOS 11.1", E4846="SunOS 11.2", E4846="SunOS 11.3", E4846="IBM AIX 6.1", E4846="IBM AIX 7.1", E4846="IBM AIX 7.2", E4846="IBM AIX 5.3", E4846="SunOS 9", E4846="SunOS 11.4.23.69.3", E4846="SunOS 11.0", E4846="SunOS 11.4", E4846="SunOS 11.4.0.15.0"), "Cortex not supported", "NA"))
A4847: 4842 | B4847: ITHVHWRAMRAP07 | C4847: 10.119.208.162 172.16.0.37 192.168.21.11 200.68.130.150 | D4847: FA:16:3E:2F:F2:CD FA:16:3E:BF:EB:2F FA:16:3E:CD:F6:08 | E4847: Linux Red Hat 7.9 | F4847: SI | G4847: NO | H4847: 18 | I4847: 0 | J4847: =IF(F4847="SI", "NA", IF(OR(E4847="Oracle Solaris", E4847="Windows Server 2008 R2", E4847="Windows Server 2003 R2", E4847="SunOS 10", E4847="SunOS 11.1", E4847="SunOS 11.2", E4847="SunOS 11.3", E4847="IBM AIX 6.1", E4847="IBM AIX 7.1", E4847="IBM AIX 7.2", E4847="IBM AIX 5.3", E4847="SunOS 9", E4847="SunOS 11.4.23.69.3", E4847="SunOS 11.0", E4847="SunOS 11.4", E4847="SunOS 11.4.0.15.0"), "Cortex not supported", "NA"))
A4848: 4843 | B4848: ITHVHWRAMRAP01 | C4848: 10.119.209.132 192.168.21.27 200.68.130.131 | D4848: FA:16:3E:9D:7D:E2 FA:16:3E:F6:B9:10 | E4848: Linux Red Hat 7.7 | F4848: SI | G4848: NO | H4848: 104 | I4848: 0 | J4848: =IF(F4848="SI", "NA", IF(OR(E4848="Oracle Solaris", E4848="Windows Server 2008 R2", E4848="Windows Server 2003 R2", E4848="SunOS 10", E4848="SunOS 11.1", E4848="SunOS 11.2", E4848="SunOS 11.3", E4848="IBM AIX 6.1", E4848="IBM AIX 7.1", E4848="IBM AIX 7.2", E4848="IBM AIX 5.3", E4848="SunOS 9", E4848="SunOS 11.4.23.69.3", E4848="SunOS 11.0", E4848="SunOS 11.4", E4848="SunOS 11.4.0.15.0"), "Cortex not supported", "NA"))
A4849: 4844 | B4849: ITHVRHCOPSRAP61 | C4849: 10.59.159.76 200.68.130.131 | D4849: 56:6F:8E:BD:00:4D | E4849: Linux Red Hat 7.9 | F4849: SI | G4849: NO | H4849: 106 | I4849: 0 | J4849: =IF(F4849="SI", "NA", IF(OR(E4849="Oracle Solaris", E4849="Windows Server 2008 R2", E4849="Windows Server 2003 R2", E4849="SunOS 10", E4849="SunOS 11.1", E4849="SunOS 11.2", E4849="SunOS 11.3", E4849="IBM AIX 6.1", E4849="IBM AIX 7.1", E4849="IBM AIX 7.2", E4849="IBM AIX 5.3", E4849="SunOS 9", E4849="SunOS 11.4.23.69.3", E4849="SunOS 11.0", E4849="SunOS 11.4", E4849="SunOS 11.4.0.15.0"), "Cortex not supported", "NA"))
A4850: 4845 | B4850: ITHVRHMORIRBD01 | C4850: 10.59.195.165 10.59.202.178 200.68.130.130 | D4850: 56:6F:AF:3E:00:13 56:6F:AF:3E:00:5A | E4850: Linux Red Hat 8.2 | F4850: SI | G4850: NO | H4850: 64 | I4850: 0 | J4850: =IF(F4850="SI", "NA", IF(OR(E4850="Oracle Solaris", E4850="Windows Server 2008 R2", E4850="Windows Server 2003 R2", E4850="SunOS 10", E4850="SunOS 11.1", E4850="SunOS 11.2", E4850="SunOS 11.3", E4850="IBM AIX 6.1", E4850="IBM AIX 7.1", E4850="IBM AIX 7.2", E4850="IBM AIX 5.3", E4850="SunOS 9", E4850="SunOS 11.4.23.69.3", E4850="SunOS 11.0", E4850="SunOS 11.4", E4850="SunOS 11.4.0.15.0"), "Cortex not supported", "NA"))
A4851: 4846 | B4851: ITHVVWUIMPRAP01 | C4851: 10.152.74.152 200.68.130.150 | D4851: 00:50:56:81:93:B8 | E4851: Linux Red Hat 7.9 | F4851: SI | G4851: NO | H4851: 103 | I4851: 0 | J4851: =IF(F4851="SI", "NA", IF(OR(E4851="Oracle Solaris", E4851="Windows Server 2008 R2", E4851="Windows Server 2003 R2", E4851="SunOS 10", E4851="SunOS 11.1", E4851="SunOS 11.2", E4851="SunOS 11.3", E4851="IBM AIX 6.1", E4851="IBM AIX 7.1", E4851="IBM AIX 7.2", E4851="IBM AIX 5.3", E4851="SunOS 9", E4851="SunOS 11.4.23.69.3", E4851="SunOS 11.0", E4851="SunOS 11.4", E4851="SunOS 11.4.0.15.0"), "Cortex not supported", "NA"))
A4852: 4847 | B4852: ITHVHWSPPRRAP04 | C4852: 10.152.74.85 200.68.130.151 | D4852: 00:50:56:81:8D:74 | E4852: Linux Red Hat 7.9 | F4852: SI | G4852: NO | H4852: 112 | I4852: 0 | J4852: =IF(F4852="SI", "NA", IF(OR(E4852="Oracle Solaris", E4852="Windows Server 2008 R2", E4852="Windows Server 2003 R2", E4852="SunOS 10", E4852="SunOS 11.1", E4852="SunOS 11.2", E4852="SunOS 11.3", E4852="IBM AIX 6.1", E4852="IBM AIX 7.1", E4852="IBM AIX 7.2", E4852="IBM AIX 5.3", E4852="SunOS 9", E4852="SunOS 11.4.23.69.3", E4852="SunOS 11.0", E4852="SunOS 11.4", E4852="SunOS 11.4.0.15.0"), "Cortex not supported", "NA"))
... A4876: 4871 | B4876: ITHVVWNOPMRAP11 | C4876: 10.152.74.211 200.68.130.151 | D4876: 00:50:56:81:F2:75 | E4876: Linux Red Hat 7.3 | F4876: SI | G4876: NO | H4876: 133 | I4876: 0 | J4876: =IF(F4876="SI", "NA", IF(OR(E4876="Oracle Solaris", E4876="Windows Server 2008 R2", E4876="Windows Server 2003 R2", E4876="SunOS 10", E4876="SunOS 11.1", E4876="SunOS 11.2", E4876="SunOS 11.3", E4876="IBM AIX 6.1", E4876="IBM AIX 7.1", E4876="IBM AIX 7.2", E4876="IBM AIX 5.3", E4876="SunOS 9", E4876="SunOS 11.4.23.69.3", E4876="SunOS 11.0", E4876="SunOS 11.4", E4876="SunOS 11.4.0.15.0"), "Cortex not supported", "NA"))
A4877: 4872 | B4877: UXDXETL1 | C4877: 10.191.125.82 | D4877: 90:E2:BA:62:C9:5C | F4877: NO | G4877: NO | H4877: 0 | I4877: 0 | J4877: =IF(F4877="SI", "NA", IF(OR(E4877="Oracle Solaris", E4877="Windows Server 2008 R2", E4877="Windows Server 2003 R2", E4877="SunOS 10", E4877="SunOS 11.1", E4877="SunOS 11.2", E4877="SunOS 11.3", E4877="IBM AIX 6.1", E4877="IBM AIX 7.1", E4877="IBM AIX 7.2", E4877="IBM AIX 5.3", E4877="SunOS 9", E4877="SunOS 11.4.23.69.3", E4877="SunOS 11.0", E4877="SunOS 11.4", E4877="SunOS 11.4.0.15.0"), "Cortex not supported", "NA"))
A4878: 4873 | B4878: UXDESINF | C4878: 10.191.105.19 | D4878: 00:21:28:7E:39:D6 | F4878: NO | G4878: SI | H4878: 0 | I4878: 0 | J4878: =IF(F4878="SI", "NA", IF(OR(E4878="Oracle Solaris", E4878="Windows Server 2008 R2", E4878="Windows Server 2003 R2", E4878="SunOS 10", E4878="SunOS 11.1", E4878="SunOS 11.2", E4878="SunOS 11.3", E4878="IBM AIX 6.1", E4878="IBM AIX 7.1", E4878="IBM AIX 7.2", E4878="IBM AIX 5.3", E4878="SunOS 9", E4878="SunOS 11.4.23.69.3", E4878="SunOS 11.0", E4878="SunOS 11.4", E4878="SunOS 11.4.0.15.0"), "Cortex not supported", "NA"))
A4879: 4874 | B4879: IXTNS3 | C4879: 10.191.119.100 130.1.1.100 138.1.1.100 | D4879: 00:10:E0:10:1A:C6 00:10:E0:10:1A:C7 90:E2:BA:22:DD:A8 90:E2:BA:22:DD:A9 | E4879: Oracle Solaris | F4879: NO | G4879: SI | H4879: 0 | I4879: 0 | J4879: =IF(F4879="SI", "NA", IF(OR(E4879="Oracle Solaris", E4879="Windows Server 2008 R2", E4879="Windows Server 2003 R2", E4879="SunOS 10", E4879="SunOS 11.1", E4879="SunOS 11.2", E4879="SunOS 11.3", E4879="IBM AIX 6.1", E4879="IBM AIX 7.1", E4879="IBM AIX 7.2", E4879="IBM AIX 5.3", E4879="SunOS 9", E4879="SunOS 11.4.23.69.3", E4879="SunOS 11.0", E4879="SunOS 11.4", E4879="SunOS 11.4.0.15.0"), "Cortex not supported", "NA"))
A4880: 4875 | B4880: ITHVY1VM1 | C4880: 10.119.224.132 | D4880: 28:80:23:A7:84:C0 28:80:23:A7:84:C1 28:80:23:A7:84:C2 28:80:23:A7:84:C3 28:80:23:B2:A6:64 28:80:23:B2:A6:65 28:80:23:B2:A6:66 28:80:23:B2:A6:A4 28:80:23:B2:A6:A5 28:80:23:B2:A6:A6 28:80:23:B2:A6:A7 66:FB:05:23:B0:FA 94:57:A5:57:A6:88 94:57:A5:57:A6:89 94:57:A5:57:A6:8A 94:57:A5:57:A6:8B | E4880: Linux Red Hat 7.1 | F4880: NO | G4880: SI | H4880: 0 | I4880: 0 | J4880: =IF(F4880="SI", "NA", IF(OR(E4880="Oracle Solaris", E4880="Windows Server 2008 R2", E4880="Windows Server 2003 R2", E4880="SunOS 10", E4880="SunOS 11.1", E4880="SunOS 11.2", E4880="SunOS 11.3", E4880="IBM AIX 6.1", E4880="IBM AIX 7.1", E4880="IBM AIX 7.2", E4880="IBM AIX 5.3", E4880="SunOS 9", E4880="SunOS 11.4.23.69.3", E4880="SunOS 11.0", E4880="SunOS 11.4", E4880="SunOS 11.4.0.15.0"), "Cortex not supported", "NA"))
A4881: 4876 | B4881: ITHVY1VM2 | C4881: 10.119.224.133 | D4881: 1E:FC:E5:87:34:41 22:B6:05:1C:B5:FC 28:80:23:A3:81:D8 28:80:23:A3:81:D9 28:80:23:A3:81:DA 28:80:23:A3:81:DB 28:80:23:B2:A3:FC 28:80:23:B2:A3:FD 28:80:23:B2:A3:FE 28:80:23:B2:A3:FF 28:80:23:B2:A6:90 28:80:23:B2:A6:91 28:80:23:B2:A6:92 28:80:23:B2:A6:93 32:08:C2:B0:B4:D5 32:BD:F2:F8:3F:21 36:D4:A2:F5:84:D7 3E:EB:45:DA:C0:13 7A:52:5B:E6:AA:AA 94:57:A5:58:C5:D4 94:57:A5:58:C5:D5 94:57:A5:58:C5:D6 94:57:A5:58:C5:D7 9E:0E:ED:4E:3A:2C AA:5D:B0:73:F8:01 D6:1E:5F:1B:61:3B FA:37:58:AC:8B:AD FE:74:32:72:84:87 | E4881: Linux Red Hat 7.1 | F4881: NO | G4881: SI | H4881: 0 | I4881: 0 | J4881: =IF(F4881="SI", "NA", IF(OR(E4881="Oracle Solaris", E4881="Windows Server 2008 R2", E4881="Windows Server 2003 R2", E4881="SunOS 10", E4881="SunOS 11.1", E4881="SunOS 11.2", E4881="SunOS 11.3", E4881="IBM AIX 6.1", E4881="IBM AIX 7.1", E4881="IBM AIX 7.2", E4881="IBM AIX 5.3", E4881="SunOS 9", E4881="SunOS 11.4.23.69.3", E4881="SunOS 11.0", E4881="SunOS 11.4", E4881="SunOS 11.4.0.15.0"), "Cortex not supported", "NA"))
A4882: 4877 | B4882: ITHVY1VM3 | C4882: 10.119.224.134 | D4882: 28:80:23:A7:34:B4 28:80:23:A7:34:B5 28:80:23:A7:34:B6 28:80:23:A7:34:B7 28:80:23:B2:B1:70 28:80:23:B2:B1:71 28:80:23:B2:B1:72 28:80:23:B2:B1:73 28:80:23:B2:B5:50 28:80:23:B2:B5:51 28:80:23:B2:B5:52 28:80:23:B2:B5:53 94:57:A5:58:45:B4 94:57:A5:58:45:B5 94:57:A5:58:45:B6 94:57:A5:58:45:B7 | E4882: Linux Red Hat 7.9 | F4882: NO | G4882: SI | H4882: 0 | I4882: 0 | J4882: =IF(F4882="SI", "NA", IF(OR(E4882="Oracle Solaris", E4882="Windows Server 2008 R2", E4882="Windows Server 2003 R2", E4882="SunOS 10", E4882="SunOS 11.1", E4882="SunOS 11.2", E4882="SunOS 11.3", E4882="IBM AIX 6.1", E4882="IBM AIX 7.1", E4882="IBM AIX 7.2", E4882="IBM AIX 5.3", E4882="SunOS 9", E4882="SunOS 11.4.23.69.3", E4882="SunOS 11.0", E4882="SunOS 11.4", E4882="SunOS 11.4.0.15.0"), "Cortex not supported", "NA"))
A4883: 4878 | B4883: ITHVY1VM4 | C4883: 10.119.224.135 | D4883: 02:75:65:C3:9A:5C 02:8E:88:FA:CC:B1 06:08:86:A5:75:C1 06:19:C4:64:51:AA 06:44:0C:AA:90:41 06:62:B0:CB:DF:90 06:C8:99:92:B4:2E 0A:14:A3:B5:79:B8 0A:7B:0F:46:9A:B7 0A:D7:E8:BD:75:11 0A:D8:29:B9:DF:38 0A:EA:27:F4:3B:77 0E:1C:02:A0:81:85 0E:23:F7:DF:5C:F7 0E:98:6A:16:C4:71 0E:C9:75:EF:EF:A9 0E:D0:62:61:5B:E6 12:0C:4F:15:1B:FB 12:2A:FC:40:FB:52 12:75:37:0C:6C:7F 12:90:6F:16:B4:18 12:92:35:C8:19:9E 12:B5:02:9F:4A:66 12:CC:F5:12:E8:EE 12:E1:16:B2:F3:F0 16:D7:70:98:51:4A 16:FB:27:62:28:34 1A:18:40:74:B8:46 1A:3F:19:93:EF:2D 1A:51:CA:DC:86:21 1A:71:12:8D:B8:FC 1A:96:88:53:13:5D 1A:9F:60:2F:56:2B 1A:AD:C7:21:2E:F5 1A:EE:A8:85:17:85 1E:33:1E:13:B1:D3 1E:B1:75:E5:B5:31 1E:B3:88:73:51:63 20:67:7C:E0:5F:10 20:67:7C:E0:5F:11 20:67:7C:E0:5F:12 20:67:7C:E0:5F:13 22:67:D3:3F:BE:34 22:B2:3D:D8:0F:B7 22:C0:0A:77:7D:A2 22:F7:3A:0A:60:45 26:45:2B:3E:F4:2F 26:55:B4:F2:1B:38 26:5A:99:97:DA:C7 26:6B:4D:11:D0:59 28:80:23:A3:9C:80 28:80:23:A3:9C:81 28:80:23:A3:9C:82 28:80:23:A3:9C:83 28:80:23:B2:A5:08 28:80:23:B2:A5:09 28:80:23:B2:A5:0A 28:80:23:B2:A5:0B 28:80:23:B2:A5:48 28:80:23:B2:A5:49 28:80:23:B2:A5:4A 28:80:23:B2:A5:4B 2A:09:4B:52:37:27 2A:26:B5:02:9C:82 2A:46:40:19:FC:D9 2E:41:3F:6D:5D:9D 2E:82:8E:B3:9B:A9 2E:8A:C6:3D:E5:0F 2E:DF:34:33:3B:E1 32:2D:F6:CC:27:2D 32:36:DD:B3:29:1D 32:76:2E:35:E4:28 32:AB:FB:70:7C:AB 32:E0:08:FA:CB:F2 36:1F:43:18:4A:36 36:22:ED:52:B1:5F 36:5C:37:B4:E5:E0 36:7D:7B:DC:82:CB 36:9A:29:CE:CF:94 36:DD:27:0C:96:1C 3A:3D:05:B8:62:CE 3A:88:4D:32:6F:84 3A:D3:38:5F:CD:6A 3E:16:27:B3:49:93 3E:27:D3:44:01:2F 3E:4A:E2:E2:3B:4A 3E:AF:82:18:7E:DC 42:09:51:35:AC:21 42:11:7A:D7:78:B1 42:27:0A:E8:BB:0F 42:A1:CC:96:73:E6 42:BC:C5:B9:DD:93 46:0C:D8:DA:CF:82 46:14:97:5F:DE:52 46:7E:7F:27:58:0C 46:9D:F8:D2:DD:82 46:B8:C6:DE:F5:CC 46:E4:46:AE:96:26 46:E6:3D:35:37:5C 4A:38:69:7E:B1:F3 4A:72:30:40:72:9C 4A:7A:B3:B7:E7:5D 4A:B1:6E:A8:42:EF 4A:DC:16:60:48:17 4A:E5:B3:6F:C5:0E 4A:E6:5A:71:D5:28 4E:60:E1:E7:A8:38 4E:7D:CF:49:7F:BD 4E:9C:D2:33:E7:8F 4E:C0:63:52:88:C1 52:40:F4:23:EA:AE 52:95:68:12:D8:C6 52:A5:4E:7D:22:D8 52:E0:D6:7A:A1:27 56:09:9E:0C:65:D9 56:1D:D8:D0:72:70 56:31:7C:7B:B8:6D 56:59:94:47:08:FE 56:F4:D0:1F:B5:1E 5A:A0:D0:EC:74:66 5A:CA:B9:FE:3E:D3 5E:9F:90:F4:67:42 5E:D4:94:93:22:0F 5E:E0:D9:40:BB:A0 5E:E3:58:8E:DF:F9 5E:E7:7F:5F:51:6C 62:6C:2B:ED:77:A3 62:87:3C:12:E7:EA 62:BC:F4:57:CA:6C 62:DC:73:06:E9:2B 62:EA:5F:2C:A7:3B 66:68:0E:DF:11:49 66:74:1D:5F:8D:7F 66:DB:85:EE:2E:D9 6A:16:EC:61:5C:BA 6A:35:99:2A:FB:11 6A:6E:0D:AE:3C:26 6A:90:D1:C9:99:58 6E:0C:CE:A0:68:14 6E:76:48:0E:A0:93 6E:82:4E:6E:41:66 6E:D0:41:A2:AA:23 72:3D:C3:AE:3F:A5 72:4B:00:86:CE:1B 72:95:A9:71:54:C8 72:C8:32:23:49:BE 72:D4:5E:31:E6:3D 72:F0:BC:43:30:42 76:09:03:49:F0:AB 76:21:CA:1E:D2:44 76:9B:3B:A8:A6:0C 76:A4:43:59:E3:7B 76:DF:B9:66:28:F2 7A:35:04:D0:CF:02 7A:36:22:1F:BB:15 7A:F1:FB:40:6F:8C 7A:F9:42:F7:68:33 7E:80:84:32:DE:A1 7E:BE:BA:5A:4D:AF 7E:E5:CC:2B:77:4C 82:05:4C:A5:27:69 82:09:E6:F5:BE:8F 82:8B:5F:7F:37:33 82:AB:F2:4B:D4:3F 86:56:1B:24:C7:58 86:57:AC:E6:9B:70 86:5B:5D:53:01:ED 86:82:B8:A4:BD:84 86:A9:DF:7A:5E:38 86:B3:D1:A1:A3:50 86:D7:50:E7:18:6D 86:F6:F3:1C:8F:F3 86:FB:68:8E:47:8F 8A:BF:FF:FD:93:9D 8A:F9:18:7A:39:B7 8E:4E:F3:95:A3:2B 92:68:33:7B:EE:46 92:AB:59:E6:AC:A3 92:FE:F7:56:95:24 96:43:10:D0:2D:4A 96:57:DA:64:CD:49 96:68:08:E7:26:0B 96:71:1A:05:FB:7A 96:BE:99:B5:20:A2 9A:1A:1F:6F:2E:E0 9A:69:61:79:9E:66 9A:6F:55:59:9A:C6 9A:91:F8:82:98:16 9A:BC:0E:8C:84:38 9A:C5:D4:EA:C8:5D 9A:D0:87:DB:11:E1 9A:F4:EF:5F:3D:8B 9E:4A:44:82:D7:27 9E:4B:5F:BC:CF:92 9E:B5:6E:02:01:61 9E:B6:70:B1:53:26 9E:EB:05:BE:6C:BE A2:35:F9:BC:94:3C A2:39:7A:A6:D6:A0 A2:62:32:85:55:FD A2:63:94:88:C6:62 A2:75:88:F3:E7:FD A2:75:CF:AF:4D:86 A2:E5:40:7B:60:5B A6:21:94:4F:E7:2E A6:42:26:05:B8:07 A6:48:53:1E:EC:BD A6:58:E2:2E:9B:16 AA:41:96:0C:86:EB AA:63:E7:38:2F:E9 AA:A0:B5:1F:47:6A AE:1D:D1:D6:F3:51 AE:22:0D:86:E4:A6 AE:3B:39:8F:DC:B8 AE:53:2A:07:72:A8 AE:68:03:F6:4C:E5 AE:78:13:6E:6A:9D AE:89:05:D1:49:A5 AE:A5:68:48:5D:3B B2:05:9B:73:2E:BE B2:35:03:C5:EF:79 B2:37:17:F8:79:11 B2:40:35:1D:2E:02 B2:78:C1:C6:47:36 B2:80:49:8C:76:50 B2:B9:5A:3B:6C:3F B2:BC:BC:E1:50:D0 B2:EF:55:85:06:07 B6:39:0E:1D:FD:E6 B6:42:57:53:C8:99 B6:50:63:EF:13:CF B6:B9:2A:4E:FC:AB B6:E7:A6:08:A4:89 BA:9D:BE:F6:00:53 BA:A7:11:A1:A4:3B BA:AA:7D:9E:17:AF BA:D0:4A:F9:C8:12 BE:5C:3B:D0:7D:A9 BE:ED:BB:B3:55:01 C2:3A:66:97:76:5C C2:A2:69:31:52:38 C2:DD:29:E6:E0:31 C6:0F:02:06:D4:7E C6:6E:9F:9D:A7:72 C6:A2:16:85:44:F1 C6:A3:89:47:3C:29 CA:41:06:FC:AB:58 CA:88:AB:48:A8:42 CA:B9:52:D0:A0:8D CE:27:18:AE:39:04 CE:33:3E:8B:26:55 CE:5F:CE:35:A5:90 CE:80:26:AF:46:78 CE:A4:12:E0:AD:90 CE:B5:C4:D3:C7:50 D2:14:85:75:22:83 D2:3B:CF:24:A0:A9 D2:7C:74:E0:74:E5 D2:8D:93:D4:55:FB D2:E0:C9:20:D3:A9 D6:4E:FD:DB:84:D8 D6:78:53:4A:DB:7D D6:7E:81:8A:D8:D3 D6:85:A7:29:FA:26 D6:AC:CF:06:6A:68 DA:61:B7:AE:FE:D3 DA:CE:A1:FA:51:22 DE:02:74:11:63:C0 DE:15:43:13:25:B8 DE:35:16:A3:E2:86 DE:9D:FE:45:C0:15 DE:B3:F5:4A:DB:30 DE:C5:BD:2C:12:2C DE:EE:55:59:5D:B4 DE:F2:53:84:10:95 E2:15:2F:7D:D6:FA E2:20:14:F5:EA:51 E2:2A:AC:89:4D:B0 E2:54:34:08:B6:0D E2:B5:1F:B8:2D:F0 E6:04:F2:C5:E9:E4 E6:11:C8:1F:26:77 E6:1C:52:A3:FB:70 E6:1D:A3:7D:15:59 E6:1D:B6:32:E8:91 E6:53:90:B8:D4:52 E6:64:CC:67:C3:2A E6:A4:52:EA:98:DB E6:C5:D1:37:AA:67 E6:E2:8E:5C:54:88 E6:F3:AE:6C:76:C5 EA:17:8C:F5:A7:51 EA:1E:CF:A9:22:17 EA:3A:5D:97:EA:FD EA:57:76:9B:A8:1A EA:A8:20:5D:02:F9 EE:69:98:F8:45:86 EE:B1:C4:B4:93:9D F2:0D:F4:CD:2B:5A F2:65:57:35:64:49 F6:0A:D5:2C:35:0A F6:3E:9F:A1:1B:DE F6:50:B0:BB:3F:6E F6:6A:0E:82:4E:7E F6:6D:FE:E8:EE:BA F6:77:F8:CA:DD:36 F6:79:56:47:36:32 F6:7C:42:D0:E2:F6 F6:C9:22:E5:29:99 FA:FC:67:A0:60:3D FA:FD:ED:55:8E:4D FE:18:4D:5F:30:81 FE:5E:BE:05:56:80 FE:79:5D:24:4F:95 FE:C5:0C:52:2D:94 | E4883: Linux Red Hat 7.1 | F4883: NO | G4883: SI | H4883: 0 | I4883: 0 | J4883: =IF(F4883="SI", "NA", IF(OR(E4883="Oracle Solaris", E4883="Windows Server 2008 R2", E4883="Windows Server 2003 R2", E4883="SunOS 10", E4883="SunOS 11.1", E4883="SunOS 11.2", E4883="SunOS 11.3", E4883="IBM AIX 6.1", E4883="IBM AIX 7.1", E4883="IBM AIX 7.2", E4883="IBM AIX 5.3", E4883="SunOS 9", E4883="SunOS 11.4.23.69.3", E4883="SunOS 11.0", E4883="SunOS 11.4", E4883="SunOS 11.4.0.15.0"), "Cortex not supported", "NA"))
A4884: 4879 | B4884: ITHRK7CRND1 | C4884: 10.119.238.206 200.68.130.130 | D4884: 00:0C:29:8E:D0:5E | E4884: Windows Server 2008 R2 | F4884: SI | G4884: SI | H4884: 0 | I4884: 0 | J4884: =IF(F4884="SI", "NA", IF(OR(E4884="Oracle Solaris", E4884="Windows Server 2008 R2", E4884="Windows Server 2003 R2", E4884="SunOS 10", E4884="SunOS 11.1", E4884="SunOS 11.2", E4884="SunOS 11.3", E4884="IBM AIX 6.1", E4884="IBM AIX 7.1", E4884="IBM AIX 7.2", E4884="IBM AIX 5.3", E4884="SunOS 9", E4884="SunOS 11.4.23.69.3", E4884="SunOS 11.0", E4884="SunOS 11.4", E4884="SunOS 11.4.0.15.0"), "Cortex not supported", "NA"))
A4885: 4880 | B4885: ITHRK1WSCN1 | C4885: 10.119.242.131 172.16.0.195 172.16.1.11 200.68.130.130 | D4885: 00:17:A4:77:04:50 00:17:A4:77:04:58 00:17:A4:77:04:5C | E4885: Windows Server 2012 R2 | F4885: SI | G4885: SI | H4885: 0 | I4885: 0 | J4885: =IF(F4885="SI", "NA", IF(OR(E4885="Oracle Solaris", E4885="Windows Server 2008 R2", E4885="Windows Server 2003 R2", E4885="SunOS 10", E4885="SunOS 11.1", E4885="SunOS 11.2", E4885="SunOS 11.3", E4885="IBM AIX 6.1", E4885="IBM AIX 7.1", E4885="IBM AIX 7.2", E4885="IBM AIX 5.3", E4885="SunOS 9", E4885="SunOS 11.4.23.69.3", E4885="SunOS 11.0", E4885="SunOS 11.4", E4885="SunOS 11.4.0.15.0"), "Cortex not supported", "NA"))
A4886: 4881 | B4886: ITHRK7WSCN1 | C4886: 10.119.238.211 172.20.0.14 200.68.130.130 | D4886: 00:0C:29:FB:8C:7F 00:0C:29:FB:8C:93 | E4886: Windows Server 2012 R2 | F4886: SI | G4886: SI | H4886: 0 | I4886: 0 | J4886: =IF(F4886="SI", "NA", IF(OR(E4886="Oracle Solaris", E4886="Windows Server 2008 R2", E4886="Windows Server 2003 R2", E4886="SunOS 10", E4886="SunOS 11.1", E4886="SunOS 11.2", E4886="SunOS 11.3", E4886="IBM AIX 6.1", E4886="IBM AIX 7.1", E4886="IBM AIX 7.2", E4886="IBM AIX 5.3", E4886="SunOS 9", E4886="SunOS 11.4.23.69.3", E4886="SunOS 11.0", E4886="SunOS 11.4", E4886="SunOS 11.4.0.15.0"), "Cortex not supported", "NA"))
A4887: 4882 | B4887: ITHRK7BIDB1 | C4887: 10.119.238.213 200.68.130.130 | D4887: 00:0C:29:42:43:20 | E4887: Windows Server 2012 R2 | F4887: SI | G4887: SI | H4887: 0 | I4887: 0 | J4887: =IF(F4887="SI", "NA", IF(OR(E4887="Oracle Solaris", E4887="Windows Server 2008 R2", E4887="Windows Server 2003 R2", E4887="SunOS 10", E4887="SunOS 11.1", E4887="SunOS 11.2", E4887="SunOS 11.3", E4887="IBM AIX 6.1", E4887="IBM AIX 7.1", E4887="IBM AIX 7.2", E4887="IBM AIX 5.3", E4887="SunOS 9", E4887="SunOS 11.4.23.69.3", E4887="SunOS 11.0", E4887="SunOS 11.4", E4887="SunOS 11.4.0.15.0"), "Cortex not supported", "NA"))
A4888: 4883 | B4888: IXTVOM1 | C4888: 10.191.106.107 | D4888: 00:10:E0:0C:F3:1E 00:10:E0:0C:F3:1F 00:10:E0:12:40:E7 | E4888: Oracle Solaris | F4888: NO | G4888: SI | H4888: 0 | I4888: 0 | J4888: =IF(F4888="SI", "NA", IF(OR(E4888="Oracle Solaris", E4888="Windows Server 2008 R2", E4888="Windows Server 2003 R2", E4888="SunOS 10", E4888="SunOS 11.1", E4888="SunOS 11.2", E4888="SunOS 11.3", E4888="IBM AIX 6.1", E4888="IBM AIX 7.1", E4888="IBM AIX 7.2", E4888="IBM AIX 5.3", E4888="SunOS 9", E4888="SunOS 11.4.23.69.3", E4888="SunOS 11.0", E4888="SunOS 11.4", E4888="SunOS 11.4.0.15.0"), "Cortex not supported", "NA"))
A4889: 4884 | B4889: ITHVVWSGPIRBD01 | C4889: 10.152.106.112 200.68.130.131 | D4889: 00:50:56:81:0F:09 | E4889: Linux Red Hat 9.2 | F4889: SI | G4889: NO | H4889: 9 | I4889: 0 | J4889: =IF(F4889="SI", "NA", IF(OR(E4889="Oracle Solaris", E4889="Windows Server 2008 R2", E4889="Windows Server 2003 R2", E4889="SunOS 10", E4889="SunOS 11.1", E4889="SunOS 11.2", E4889="SunOS 11.3", E4889="IBM AIX 6.1", E4889="IBM AIX 7.1", E4889="IBM AIX 7.2", E4889="IBM AIX 5.3", E4889="SunOS 9", E4889="SunOS 11.4.23.69.3", E4889="SunOS 11.0", E4889="SunOS 11.4", E4889="SunOS 11.4.0.15.0"), "Cortex not supported", "NA"))
A4890: 4885 | B4890: FE80:0:0:0:7EA6:2AFF:FE3F:1FF2 | C4890: 10.59.198.178 | D4890: EA:85:C4:90:01:61 EA:85:C4:90:01:62 EA:85:C4:90:01:63 EA:85:C4:90:01:64 | E4890: VMWare ESXi 8.0.3 | F4890: NO | G4890: NO | H4890: 0 | I4890: 0 | J4890: =IF(F4890="SI", "NA", IF(OR(E4890="Oracle Solaris", E4890="Windows Server 2008 R2", E4890="Windows Server 2003 R2", E4890="SunOS 10", E4890="SunOS 11.1", E4890="SunOS 11.2", E4890="SunOS 11.3", E4890="IBM AIX 6.1", E4890="IBM AIX 7.1", E4890="IBM AIX 7.2", E4890="IBM AIX 5.3", E4890="SunOS 9", E4890="SunOS 11.4.23.69.3", E4890="SunOS 11.0", E4890="SunOS 11.4", E4890="SunOS 11.4.0.15.0"), "Cortex not supported", "NA"))
... A5588: 5583 | B5588: ITHVHWIVRSFILE01 | C5588: 10.152.65.43 | D5588: 02:42:59:83:A9:BF 52:C9:63:3E:67:67 FA:16:3E:4A:D8:70 FA:16:3E:EB:D5:86 | E5588: Linux openSUSE 12.5 | F5588: NO | G5588: NO | H5588: 58 | I5588: 0 | J5588: =IF(F5588="SI", "NA", IF(OR(E5588="Oracle Solaris", E5588="Windows Server 2008 R2", E5588="Windows Server 2003 R2", E5588="SunOS 10", E5588="SunOS 11.1", E5588="SunOS 11.2", E5588="SunOS 11.3", E5588="IBM AIX 6.1", E5588="IBM AIX 7.1", E5588="IBM AIX 7.2", E5588="IBM AIX 5.3", E5588="SunOS 9", E5588="SunOS 11.4.23.69.3", E5588="SunOS 11.0", E5588="SunOS 11.4", E5588="SunOS 11.4.0.15.0"), "Cortex not supported", "NA"))
A5589: 5584 | B5589: ITHVHPZR58LAP01 | C5589: 10.191.211.165 | D5589: 00:50:56:AC:97:15 | F5589: NO | G5589: NO | H5589: 56 | I5589: 0 | J5589: =IF(F5589="SI", "NA", IF(OR(E5589="Oracle Solaris", E5589="Windows Server 2008 R2", E5589="Windows Server 2003 R2", E5589="SunOS 10", E5589="SunOS 11.1", E5589="SunOS 11.2", E5589="SunOS 11.3", E5589="IBM AIX 6.1", E5589="IBM AIX 7.1", E5589="IBM AIX 7.2", E5589="IBM AIX 5.3", E5589="SunOS 9", E5589="SunOS 11.4.23.69.3", E5589="SunOS 11.0", E5589="SunOS 11.4", E5589="SunOS 11.4.0.15.0"), "Cortex not supported", "NA"))
A5590: 5585 | B5590: ITHFHPVWS2CL01ESX01.TELCELCLOUD.DT | C5590: 10.59.205.117 | D5590: 00:50:56:67:42:0F 00:50:56:6B:67:EB C6:A3:3A:80:00:06 | E5590: VMWare ESXi 8.0.3 | F5590: NO | G5590: NO | H5590: 0 | I5590: 0 | J5590: =IF(F5590="SI", "NA", IF(OR(E5590="Oracle Solaris", E5590="Windows Server 2008 R2", E5590="Windows Server 2003 R2", E5590="SunOS 10", E5590="SunOS 11.1", E5590="SunOS 11.2", E5590="SunOS 11.3", E5590="IBM AIX 6.1", E5590="IBM AIX 7.1", E5590="IBM AIX 7.2", E5590="IBM AIX 5.3", E5590="SunOS 9", E5590="SunOS 11.4.23.69.3", E5590="SunOS 11.0", E5590="SunOS 11.4", E5590="SunOS 11.4.0.15.0"), "Cortex not supported", "NA"))
A5591: 5586 | B5591: ITHFHPVWS2CL01ESX03.TELCELCLOUD.DT | C5591: 10.59.205.119 | D5591: 00:50:56:61:EA:EE 00:50:56:63:AC:F4 C6:A3:3A:80:00:16 | E5591: VMWare ESXi 8.0.3 | F5591: NO | G5591: NO | H5591: 0 | I5591: 0 | J5591: =IF(F5591="SI", "NA", IF(OR(E5591="Oracle Solaris", E5591="Windows Server 2008 R2", E5591="Windows Server 2003 R2", E5591="SunOS 10", E5591="SunOS 11.1", E5591="SunOS 11.2", E5591="SunOS 11.3", E5591="IBM AIX 6.1", E5591="IBM AIX 7.1", E5591="IBM AIX 7.2", E5591="IBM AIX 5.3", E5591="SunOS 9", E5591="SunOS 11.4.23.69.3", E5591="SunOS 11.0", E5591="SunOS 11.4", E5591="SunOS 11.4.0.15.0"), "Cortex not supported", "NA"))
A5592: 5587 | B5592: ITHFHPVWS2CL01ESX05.TELCELCLOUD.DT | C5592: 10.59.205.121 | D5592: 00:50:56:64:AB:94 00:50:56:64:F6:01 C6:A3:3A:80:00:26 | E5592: VMWare ESXi 8.0.3 | F5592: NO | G5592: NO | H5592: 0 | I5592: 0 | J5592: =IF(F5592="SI", "NA", IF(OR(E5592="Oracle Solaris", E5592="Windows Server 2008 R2", E5592="Windows Server 2003 R2", E5592="SunOS 10", E5592="SunOS 11.1", E5592="SunOS 11.2", E5592="SunOS 11.3", E5592="IBM AIX 6.1", E5592="IBM AIX 7.1", E5592="IBM AIX 7.2", E5592="IBM AIX 5.3", E5592="SunOS 9", E5592="SunOS 11.4.23.69.3", E5592="SunOS 11.0", E5592="SunOS 11.4", E5592="SunOS 11.4.0.15.0"), "Cortex not supported", "NA"))
A5593: 5588 | B5593: ITHFHPVWS2CL01ESX02.TELCELCLOUD.DT | C5593: 10.59.205.118 | D5593: 00:50:56:69:E6:A2 00:50:56:6C:BE:BA C6:A3:3A:80:00:0E | E5593: VMWare ESXi 8.0.3 | F5593: NO | G5593: NO | H5593: 0 | I5593: 0 | J5593: =IF(F5593="SI", "NA", IF(OR(E5593="Oracle Solaris", E5593="Windows Server 2008 R2", E5593="Windows Server 2003 R2", E5593="SunOS 10", E5593="SunOS 11.1", E5593="SunOS 11.2", E5593="SunOS 11.3", E5593="IBM AIX 6.1", E5593="IBM AIX 7.1", E5593="IBM AIX 7.2", E5593="IBM AIX 5.3", E5593="SunOS 9", E5593="SunOS 11.4.23.69.3", E5593="SunOS 11.0", E5593="SunOS 11.4", E5593="SunOS 11.4.0.15.0"), "Cortex not supported", "NA"))
...

Sheet Inventario - EOL
A3: Servidores EOL IXTLAHUACA - Inventario
A4: No | B4: Hostname | C4: Dir IP | D4: MAC | E4: SISTEMA OPERATIVO | F4: Cortex | G4: Virtual Patching | H4: Software EoL
A6: 1 | B6: ITHVHWIPAWPAP01 | C6: 10.59.195.190 200.68.130.132 | D6: 00:50:56:81:0E:86 | E6: Windows Server 2022 | F6: SI | G6: SI | H6: 2
A7: 2 | B7: ITHHWHUEPRO18 | C7: 10.119.249.107 200.68.130.151 | D7: FA:16:3E:12:A4:00 | E7: Linux Red Hat 7.9 | F7: SI | G7: SI | H7: 14
A8: 3 | B8: ITHVVWRPADRBD02 | C8: 10.59.240.64 200.68.130.150 | D8: 00:50:56:81:1B:EE | E8: Linux Red Hat 8.10 | F8: SI | G8: SI | H8: 4
A9: 4 | B9: IXVPECIAPS001 | C9: 10.191.33.94 200.68.130.150 | D9: 00:50:56:86:A8:23 | E9: Linux Red Hat 7.9 | F9: SI | G9: SI | H9: 11
A10: 5 | B10: IXVPECIAPS002 | C10: 10.191.33.95 200.68.130.150 | D10: 00:50:56:86:B1:FC | E10: Linux Red Hat 7.9 | F10: SI | G10: SI | H10: 9
A11: 6 | B11: IXVPECIAPS003 | C11: 10.191.33.96 200.68.130.151 | D11: 00:50:56:86:A3:4E | E11: Linux Red Hat 7.9 | F11: SI | G11: SI | H11: 6
A12: 7 | B12: IXVPECIAPS004 | C12: 10.191.33.97 200.68.130.131 | D12: 00:50:56:86:8C:89 | E12: Linux Red Hat 7.9 | F12: SI | G12: SI | H12: 5
A13: 8 | B13: ITHVHWPSPWPAP02 | C13: 10.152.30.33 200.68.130.132 | D13: 00:50:56:81:E0:4E | E13: Windows Server 2022 | F13: SI | G13: SI | H13: 1
A14: 9 | B14: ITHVHWPSPWPAP01 | C14: 10.152.30.32 200.68.130.132 | D14: 00:50:56:81:F1:05 | E14: Windows Server 2022 | F14: SI | G14: SI | H14: 4
A15: 10 | B15: ITHVHWPSPWPAP03 | C15: 10.152.30.34 200.68.130.132 | D15: 00:50:56:81:3E:2A | E15: Windows Server 2022 | F15: SI | G15: SI | H15: 1
A16: 11 | B16: ITHVHWMPPWPAP02 | C16: 10.152.75.68 200.68.130.132 | D16: 00:50:56:81:B7:64 | E16: Windows Server 2022 | F16: SI | G16: SI | H16: 2
A17: 12 | B17: ITHVVMSVDAWAP01 | C17: 10.152.75.58 200.68.130.131 | D17: 00:50:56:81:5A:B4 | E17: Windows Server 2022 | F17: SI | G17: SI | H17: 1
... A4381: 4376 | B4381: ITHVHWIVRSFILE01 | C4381: 10.152.65.43 | D4381: 02:42:59:83:A9:BF 52:C9:63:3E:67:67 FA:16:3E:4A:D8:70 FA:16:3E:EB:D5:86 | E4381: Linux openSUSE 12.5 | F4381: NO | G4381: NO | H4381: 16
A4382: 4377 | B4382: ITHVHPZR58LAP01 | C4382: 10.191.211.165 | D4382: 00:50:56:AC:97:15 | F4382: NO | G4382: NO | H4382: 28
A4383: 4378 | B4383: ITHVVW0546RBD01 | C4383: 10.152.148.180 200.68.130.131 | D4383: 00:50:56:81:18:78 | E4383: Linux Red Hat 9.4 | F4383: SI | G4383: NO | H4383: 1
A4384: 4379 | B4384: ITHVVW0546RAP01 | C4384: 10.119.179.146 10.119.241.140 10.152.148.181 10.54.0.18 192.168.32.175 200.68.130.131 | D4384: 00:50:56:81:33:80 00:50:56:81:8B:36 00:50:56:81:BF:70 00:50:56:81:DB:95 00:50:56:81:E0:B6 | E4384: Linux Red Hat 9.4 | F4384: SI | G4384: NO | H4384: 1
A4385: 4380 | B4385: ITHVRHPGSURBD01 | C4385: 10.59.240.141 | D4385: 56:6F:9F:00:02:88 | E4385: Linux Red Hat 8.6 | F4385: NO | G4385: NO | H4385: 1
A4386: 4381 | B4386: ITHVVWOBMORBD01 | C4386: 10.152.106.188 | D4386: 00:50:56:81:B8:25 | E4386: Linux Red Hat 8.10 | F4386: NO | G4386: NO | H4386: 1
A4387: 4382 | B4387: ITHVVWTEACRAP01 | C4387: 10.152.105.249 | D4387: 00:50:56:81:2C:ED | E4387: Linux Red Hat 8.8 | F4387: NO | G4387: NO | H4387: 1
A4388: 4383 | B4388: ITHFHWCBSPSBLBD03 | C4388: 10.59.174.226 10.59.174.40 10.59.179.40 10.59.220.226 10.59.220.40 10.59.36.226 10.59.36.40 200.68.130.132 | D4388: 28:68:D2:D2:35:21 28:68:D2:D2:35:23 CC:B1:82:CD:C7:B6 | E4388: Linux openSUSE 12.5 | F4388: SI | G4388: NO | H4388: 2
A4389: 4384 | B4389: ITHFHWCBSPSBLBD05 | C4389: 10.59.174.232 10.59.174.42 10.59.179.42 10.59.220.232 10.59.220.42 10.59.36.232 10.59.36.42 200.68.130.132 | D4389: 28:68:D2:D2:35:F9 28:68:D2:D2:35:FB CC:B1:82:CD:C8:11 | E4389: Linux openSUSE 12.5 | F4389: SI | G4389: NO | H4389: 2
A4390: 4385 | B4390: ITHFHWCBSPSBLBD11 | C4390: 10.59.174.225 10.59.174.48 10.59.179.48 10.59.220.225 10.59.220.48 10.59.36.225 10.59.36.48 200.68.130.131 | D4390: 28:68:D2:D2:30:D5 28:68:D2:D2:30:D7 44:22:7C:29:E6:64 | E4390: Linux openSUSE 12.5 | F4390: SI | G4390: NO | H4390: 3
A4391: 4386 | B4391: ITHFHWCBSPSBLBD10 | C4391: 10.59.174.233 10.59.174.47 10.59.179.47 10.59.220.233 10.59.220.47 10.59.36.233 10.59.36.47 200.68.130.150 | D4391: 28:68:D2:D2:36:B5 28:68:D2:D2:36:B7 CC:B1:82:CD:C7:CB | E4391: Linux openSUSE 12.5 | F4391: SI | G4391: NO | H4391: 1
A4392: 4387 | B4392: ITHFHWCBSDSUSBD01 | C4392: 10.152.10.32 10.152.16.32 10.152.17.32 10.152.19.32 200.68.130.150 | D4392: 00:E4:06:CC:36:4C 28:68:D2:AD:79:AC 28:68:D2:AD:79:AE | E4392: Linux openSUSE 12.5 | F4392: SI | G4392: NO | H4392: 1
A4393: 4388 | B4393: ITHFHWCBSPSBLBD14 | C4393: 10.59.174.227 10.59.174.51 10.59.179.51 10.59.220.227 10.59.220.51 10.59.36.227 10.59.36.51 200.68.130.150 | D4393: 28:68:D2:D2:34:15 28:68:D2:D2:34:17 44:22:7C:29:E6:B8 | E4393: Linux openSUSE 12.5 | F4393: SI | G4393: NO | H4393: 1
A4394: 4389 | B4394: ITHFHWCBSDSBMBD01 | C4394: 10.152.10.31 10.152.16.31 10.152.17.31 10.152.19.31 200.68.130.130 | D4394: 28:68:D2:D2:32:51 28:68:D2:D2:32:53 44:22:7C:29:E4:96 | E4394: Linux openSUSE 12.5 | F4394: SI | G4394: NO | H4394: 3
... A5197: 5192 | B5197: IXVPWINAPS005.TELCEL.NET | C5197: 10.59.26.253 10.59.32.253 | D5197: FA:16:3E:17:68:45 FA:16:3E:C3:50:A5 | E5197: Windows Server 2016 | F5197: NO | G5197: NO | H5197: 5
A5198: 5193 | B5198: EVAKPISVRM-8 | C5198: 10.59.177.81 | D5198: FA:16:3E:26:E1:5B FA:16:3E:2E:14:9A FA:16:3E:61:56:0C FA:16:3E:DB:72:9A | F5198: NO | G5198: NO | H5198: 5
A5199: 5194 | B5199: ITHFHWRHV2LCN01.TELCELCLOUD.DT | C5199: 10.59.200.141 | D5199: E0:00:84:AC:1F:95 | E5199: Linux Red Hat 8.6 | F5199: NO | G5199: NO | H5199: 4
A5200: 5195 | B5200: ITHFHWRHV2LCN05.TELCELCLOUD.DT | C5200: 10.59.200.145 | D5200: E0:00:84:AC:1F:B5 | E5200: Linux Red Hat 8.6 | F5200: NO | G5200: NO | H5200: 4
A5201: 5196 | B5201: ITHFHWRHV2LCN03.TELCELCLOUD.DT | C5201: 10.59.200.143 | D5201: E0:00:84:AC:1F:35 | E5201: Linux Red Hat 8.6 | F5201: NO | G5201: NO | H5201: 4
A5202: 5197 | B5202: ITHFHWRHV2LCN06.TELCELCLOUD.DT | C5202: 10.59.200.146 | D5202: E0:00:84:AC:1F:D1 | E5202: Linux Red Hat 8.6 | F5202: NO | G5202: NO | H5202: 4
A5203: 5198 | B5203: ITHFHWRHV2LCN04.TELCELCLOUD.DT | C5203: 10.59.200.144 | D5203: E0:00:84:AC:1F:3D | E5203: Linux Red Hat 8.6 | F5203: NO | G5203: NO | H5203: 4
A5204: 5199 | B5204: ITHHWCGRAF01 | C5204: 10.119.249.53 | D5204: FA:16:3E:B6:B5:65 | E5204: Linux Red Hat 7.7 | F5204: NO | G5204: NO | H5204: 5
A5205: 5200 | B5205: EVAKPISVRM-7 | C5205: 10.59.175.107 | D5205: FA:16:3E:45:F3:CA FA:16:3E:6E:4D:DD FA:16:3E:79:CF:FD FA:16:3E:86:C8:2B | F5205: NO | G5205: NO | H5205: 6
A5206: 5201 | B5206: ITHVRHNUASRPAP03 | C5206: 10.152.74.165 | D5206: 56:6F:9F:00:00:DD | E5206: Linux Red Hat 8.10 | F5206: NO | G5206: NO | H5206: 1
A5207: 5202 | B5207: ITHHWPP1CRHV06.TELCELCLOUD.DT | C5207: 10.119.78.131 | D5207: 04:88:5F:CA:AB:12 04:88:5F:CA:AB:13 32:2F:BA:3E:10:3C 8C:FD:18:B7:EF:C0 8C:FD:18:B7:EF:C2 BA:19:3E:C1:2F:BC | E5207: Linux Red Hat 8.6 | F5207: NO | G5207: NO | H5207: 4
A5208: 5203 | B5208: ITHHWPP1CRHV04.TELCELCLOUD.DT | C5208: 10.119.78.126 | D5208: 8C:FD:18:B7:EF:34 8C:FD:18:B7:EF:36 98:35:ED:CE:1E:59 98:35:ED:CE:1E:5A BE:35:AD:B7:8B:AE DA:79:D2:15:08:44 | E5208: Linux Red Hat 8.6 | F5208: NO | G5208: NO | H5208: 4
A5209: 5204 | B5209: ITHHWPPRHVMAN01.TELCELCLOUD.DT | C5209: 10.119.78.120 | D5209: 00:16:3E:15:67:A8 | E5209: Linux Red Hat 8.6 | F5209: NO | G5209: NO | H5209: 10
A5210: 5205 | B5210: ITHVHWPBN7RAP01 | C5210: 10.59.240.98 | D5210: 56:6F:9F:00:01:58 | E5210: Linux Red Hat 8.4 | F5210: NO | G5210: NO | H5210: 2
A5211: 5206 | B5211: ITHVHWPBN7RAP04 | C5211: 10.59.240.101 | D5211: 56:6F:9F:00:01:5B | E5211: Linux Red Hat 8.4 | F5211: NO | G5211: NO | H5211: 2
A5212: 5207 | B5212: ITHVHWPNR8RDB01 | C5212: 10.59.240.151 | D5212: 56:6F:9F:00:01:9A | E5212: Linux Red Hat 8.4 | F5212: NO | G5212: NO | H5212: 2
A5213: 5208 | B5213: ITHVHWPMI7RAP01 | C5213: 10.59.240.97 | D5213: 56:6F:9F:00:01:57 | E5213: Linux Red Hat 8.4 | F5213: NO | G5213: NO | H5213: 2
A5214: 5209 | B5214: ITHVPOCOSVVRAP01 | C5214: 10.59.230.177 | D5214: 56:6F:9F:00:00:24 | E5214: Linux Red Hat 8.8 | F5214: NO | G5214: NO | H5214: 1
A5215: 5210 | B5215: ITHVRHRCSERAP02 | C5215: 10.152.29.54 | D5215: 56:6F:9F:00:02:0F | E5215: Linux Red Hat 8.4 | F5215: NO | G5215: NO | H5215: 2
A5216: 5211 | B5216: IDEM | C5216: 10.119.198.51 | D5216: 56:6F:3C:FD:02:E1 | E5216: Linux Red Hat 7.9 | F5216: NO | G5216: NO | H5216: 6
A5217: 5212 | B5217: ITHFHWCOPSLCN05.TELCELCLOUD.DT | C5217: 10.59.200.221 | D5217: 18:CF:24:CF:4F:9D | E5217: Linux Red Hat 8.6 | F5217: NO | G5217: NO | H5217: 4
... A5357: 5352 | B5357: ITHOIDE1SRV10 | C5357: 10.59.12.104 | D5357: 50:6F:77:BE:B1:B3 A8:49:4D:AA:E5:9A A8:49:4D:AA:E5:9B A8:49:4D:AA:E5:9C A8:49:4D:AA:E5:9D | E5357: Linux Red Hat 9.4 | F5357: NO | G5357: NO | H5357: 1

Sheet Inventario No Identificados
A3: No identificados (Servidores) - Inventario
A4: Adaptadores | B4: IPs | C4: MACs | D4: Manufacturer | E4: Clasificacion
A5: cisco_apic_adapter nagios_xi_adapter nagios_xi_adapter | B5: 10.119.234.19 | C5: 00:10:E0:B6:67:C2 | D5: (Oracle Corporation) | E5: Fabricantes/Administradores de servidores virtuales y soluciones de virtualización
A6: cisco_apic_adapter nagios_xi_adapter nagios_xi_adapter | B6: 10.119.234.20 | C6: 00:10:E0:94:BF:10 | D6: (Oracle Corporation) | E6: Fabricantes/Administradores de servidores virtuales y soluciones de virtualización
A7: cisco_apic_adapter cisco_apic_adapter wazuh_adapter | B7: 10.59.25.132 | C7: FA:16:3E:29:FC:02 | D7: (Huawei Technologies Co.,Ltd) | E7: Fabricantes de servidores físicos
A8: cisco_apic_adapter tenable_security_center_adapter | B8: 10.59.32.233 | C8: 80:69:33:FE:16:49 | D8: (Huawei Technologies Co.,Ltd) | E8: Fabricantes de servidores físicos
A9: cisco_apic_adapter cisco_apic_adapter wazuh_adapter | B9: 10.59.25.151 | C9: FA:16:3E:E6:01:9D | D9: (Huawei Technologies Co.,Ltd) | E9: Fabricantes de servidores físicos
A10: cisco_apic_adapter nessus_adapter | B10: 10.119.105.19 | C10: 28:7B:09:C3:BC:AA | D10: (zte corporation) | E10: Fabricantes de servidores físicos
A11: cisco_apic_adapter cisco_apic_adapter wazuh_adapter | B11: 10.59.25.190 | C11: FA:16:3E:58:05:3A | D11: (Huawei Technologies Co.,Ltd) | E11: Fabricantes de servidores físicos
A12: cisco_apic_adapter cisco_apic_adapter wazuh_adapter | B12: 10.59.25.220 | C12: FA:16:3E:16:A4:62 | D12: (Huawei Technologies Co.,Ltd) | E12: Fabricantes de servidores físicos
A13: cisco_apic_adapter cisco_apic_adapter wazuh_adapter | B13: 10.59.25.235 | C13: FA:16:3E:3E:C1:49 | D13: (Huawei Technologies Co.,Ltd) | E13: Fabricantes de servidores físicos
A14: cisco_apic_adapter cisco_apic_adapter wazuh_adapter | B14: 10.59.25.152 | C14: FA:16:3E:49:3E:CE | D14: (Huawei Technologies Co.,Ltd) | E14: Fabricantes de servidores físicos
A15: cisco_apic_adapter cisco_apic_adapter wazuh_adapter | B15: 10.59.25.130 | C15: FA:16:3E:0C:8C:B0 | D15: (Huawei Technologies Co.,Ltd) | E15: Fabricantes de servidores físicos
... A83: cisco_apic_adapter cisco_apic_adapter cisco_apic_adapter cisco_apic_adapter | B83: 10.152.0.9 | C83: 44:22:7C:18:DE:12 | D83: (Huawei Technologies Co.,Ltd) | E83: Fabricantes de servidores físicos
A84: cisco_apic_adapter | C84: F0:3F:95:96:0A:90 | D84: (Huawei Technologies Co.,Ltd) | E84: Fabricantes de servidores físicos
A85: cisco_apic_adapter | B85: 10.59.20.43 | C85: 80:69:33:62:F1:35 | D85: (Huawei Technologies Co.,Ltd) | E85: Fabricantes de servidores físicos
A86: cisco_apic_adapter cisco_apic_adapter cisco_apic_adapter cisco_apic_adapter | B86: 10.152.0.18 | C86: CC:B1:82:9B:56:3D | D86: (Huawei Technologies Co.,Ltd) | E86: Fabricantes de servidores físicos
A87: cisco_apic_adapter cisco_apic_adapter cisco_apic_adapter cisco_apic_adapter cisco_apic_adapter | B87: 10.59.152.228 | C87: 80:30:E0:05:D3:00 | D87: (Hewlett Packard Enterprise) | E87: Fabricantes de servidores físicos
A88: cisco_apic_adapter | B88: 10.119.104.9 | C88: 74:4A:A4:0B:1B:F4 | D88: (zte corporation) | E88: Fabricantes de servidores físicos
A89: cisco_apic_adapter | B89: 10.191.144.74 10.191.144.76 | C89: 4C:1F:CC:A9:C0:13 | D89: (Huawei Technologies Co.,Ltd) | E89: Fabricantes de servidores físicos
A90: cisco_apic_adapter cisco_apic_adapter cisco_apic_adapter cisco_apic_adapter | B90: 10.59.152.214 | C90: 80:30:E0:05:AF:20 | D90: (Hewlett Packard Enterprise) | E90: Fabricantes de servidores físicos
A91: cisco_apic_adapter | C91: 20:67:7C:19:D3:79 | D91: (Hewlett Packard Enterprise) | E91: Fabricantes de servidores físicos
A92: cisco_apic_adapter | B92: 10.191.155.10 10.191.155.13 | C92: 70:79:90:A1:9E:6E | D92: (Huawei Technologies Co.,Ltd) | E92: Fabricantes de servidores físicos
A93: cisco_apic_adapter | B93: 10.119.104.8 | C93: 74:4A:A4:0B:18:FC | D93: (zte corporation) | E93: Fabricantes de servidores físicos
A94: cisco_apic_adapter | B94: 10.59.19.40 | C94: CC:BB:FE:13:E0:21 | D94: (Huawei Technologies Co.,Ltd) | E94: Fabricantes de servidores físicos
A95: cisco_apic_adapter | B95: 10.152.54.151 | C95: 44:E9:68:66:BB:B6 | D95: (Huawei Technologies Co.,Ltd) | E95: Fabricantes de servidores físicos
A96: cisco_apic_adapter cisco_apic_adapter cisco_apic_adapter cisco_apic_adapter cisco_apic_adapter | B96: 10.59.162.174 | C96: 80:30:E0:05:AF:E0 | D96: (Hewlett Packard Enterprise) | E96: Fabricantes de servidores físicos
A97: cisco_apic_adapter | B97: 10.119.109.66 | C97: 0C:41:E9:7B:42:19 | D97: (Huawei Technologies Co.,Ltd) | E97: Fabricantes de servidores físicos
A98: cisco_apic_adapter | B98: 10.59.198.206 | C98: 08:F1:EA:80:D7:A2 | D98: (Hewlett Packard Enterprise) | E98: Fabricantes de servidores físicos
A99: cisco_apic_adapter cisco_apic_adapter cisco_apic_adapter cisco_apic_adapter cisco_apic_adapter | B99: 10.59.152.217 | C99: D0:67:26:C8:E3:20 | D99: (Hewlett Packard Enterprise) | E99: Fabricantes de servidores físicos
A100: cisco_apic_adapter cisco_apic_adapter cisco_apic_adapter cisco_apic_adapter cisco_apic_adapter | B100: 10.59.127.88 | C100: 80:30:E0:05:98:A0 | D100: (Hewlett Packard Enterprise) | E100: Fabricantes de servidores físicos
A101: cisco_apic_adapter | C101: 20:67:7C:19:D9:B9 | D101: (Hewlett Packard Enterprise) | E101: Fabricantes de servidores físicos
A102: cisco_apic_adapter cisco_apic_adapter cisco_apic_adapter cisco_apic_adapter cisco_apic_adapter | B102: 10.59.82.220 | C102: 80:30:E0:05:EB:00 | D102: (Hewlett Packard Enterprise) | E102: Fabricantes de servidores físicos
A103: cisco_apic_adapter | B103: 10.59.85.4 | C103: 48:DF:37:81:72:58 | D103: (Hewlett Packard Enterprise) | E103: Fabricantes de servidores físicos
A104: cisco_apic_adapter cisco_apic_adapter | B104: 10.119.251.101 | C104: 48:43:5A:C4:B2:59 | D104: (Huawei Technologies Co.,Ltd) | E104: Fabricantes de servidores físicos
A105: cisco_apic_adapter cisco_apic_adapter | B105: 10.119.200.188 | C105: 74:9D:8F:8D:36:57 | D105: (Huawei Technologies Co.,Ltd) | E105: Fabricantes de servidores físicos
A106: cisco_apic_adapter cisco_apic_adapter | B106: 10.119.200.189 | C106: 48:43:5A:59:65:A7 | D106: (Huawei Technologies Co.,Ltd) | E106: Fabricantes de servidores físicos
A107: cisco_apic_adapter | B107: 10.119.104.7 | C107: 74:4A:A4:0B:1B:E0 | D107: (zte corporation) | E107: Fabricantes de servidores físicos
A108: cisco_apic_adapter | C108: 00:50:56:81:27:74 | D108: (VMware, Inc.) | E108: Fabricantes/Administradores de servidores virtuales y soluciones de virtualización
A109: cisco_apic_adapter cisco_apic_adapter cisco_apic_adapter cisco_apic_adapter cisco_apic_adapter | B109: 10.59.154.228 | C109: 80:30:E0:05:94:10 | D109: (Hewlett Packard Enterprise) | E109: Fabricantes de servidores físicos
A110: cisco_apic_adapter | C110: 00:50:56:81:F7:22 | D110: (VMware, Inc.) | E110: Fabricantes/Administradores de servidores virtuales y soluciones de virtualización
A111: cisco_apic_adapter | C111: 00:50:56:81:7D:9D | D111: (VMware, Inc.) | E111: Fabricantes/Administradores de servidores virtuales y soluciones de virtualización
A112: cisco_apic_adapter | C112: 00:50:56:81:E5:E8 | D112: (VMware, Inc.) | E112: Fabricantes/Administradores de servidores virtuales y soluciones de virtualización
A113: cisco_apic_adapter | C113: 00:50:56:81:0C:90 | D113: (VMware, Inc.) | E113: Fabricantes/Administradores de servidores virtuales y soluciones de virtualización
A114: cisco_apic_adapter | C114: 00:50:56:81:5A:A1 | D114: (VMware, Inc.) | E114: Fabricantes/Administradores de servidores virtuales y soluciones de virtualización
A115: cisco_apic_adapter | C115: 00:50:56:81:CA:61 | D115: (VMware, Inc.) | E115: Fabricantes/Administradores de servidores virtuales y soluciones de virtualización
A116: cisco_apic_adapter | C116: 00:50:56:81:F8:C9 | D116: (VMware, Inc.) | E116: Fabricantes/Administradores de servidores virtuales y soluciones de virtualización
A117: cisco_apic_adapter | C117: 00:50:56:81:62:C6 | D117: (VMware, Inc.) | E117: Fabricantes/Administradores de servidores virtuales y soluciones de virtualización
A118: cisco_apic_adapter | B118: 10.191.103.247 | C118: 34:40:B5:D5:11:A4 | D118: (Ibm) | E118: Fabricantes de servidores físicos
A119: cisco_apic_adapter | C119: 80:30:E0:05:D1:C1 | D119: (Hewlett Packard Enterprise) | E119: Fabricantes de servidores físicos
A120: cisco_apic_adapter cisco_apic_adapter cisco_apic_adapter cisco_apic_adapter cisco_apic_adapter | B120: 10.59.78.219 | C120: 80:30:E0:05:AF:B0 | D120: (Hewlett Packard Enterprise) | E120: Fabricantes de servidores físicos
A121: cisco_apic_adapter cisco_apic_adapter cisco_apic_adapter cisco_apic_adapter cisco_apic_adapter | B121: 10.59.80.224 | C121: 80:30:E0:05:E9:F0 | D121: (Hewlett Packard Enterprise) | E121: Fabricantes de servidores físicos
A122: cisco_apic_adapter | C122: 00:50:56:81:52:62 | D122: (VMware, Inc.) | E122: Fabricantes/Administradores de servidores virtuales y soluciones de virtualización
A123: cisco_apic_adapter cisco_apic_adapter cisco_apic_adapter cisco_apic_adapter cisco_apic_adapter | B123: 10.59.78.226 | C123: F4:03:43:B9:6B:30 | D123: (Hewlett Packard Enterprise) | E123: Fabricantes de servidores físicos
A124: cisco_apic_adapter | C124: 00:50:56:81:8C:36 | D124: (VMware, Inc.) | E124: Fabricantes/Administradores de servidores virtuales y soluciones de virtualización
A125: cisco_apic_adapter | B125: 10.119.180.21 | C125: 9C:DC:71:DA:EC:68 | D125: (Hewlett Packard Enterprise) | E125: Fabricantes de servidores físicos
A126: cisco_apic_adapter cisco_apic_adapter cisco_apic_adapter cisco_apic_adapter | B126: 10.59.150.214 | C126: 80:30:E0:05:BC:50 | D126: (Hewlett Packard Enterprise) | E126: Fabricantes de servidores físicos
A127: cisco_apic_adapter | B127: 10.59.89.35 | C127: EC:EB:B8:91:5A:54 | D127: (Hewlett Packard Enterprise) | E127: Fabricantes de servidores físicos
A128: cisco_apic_adapter | B128: 10.59.89.22 | C128: 08:F1:EA:8F:E4:2A | D128: (Hewlett Packard Enterprise) | E128: Fabricantes de servidores físicos
A129: cisco_apic_adapter | C129: 80:30:E0:05:D9:B1 | D129: (Hewlett Packard Enterprise) | E129: Fabricantes de servidores físicos
A130: cisco_apic_adapter | B130: 10.119.251.236 | C130: 2C:9D:1E:12:40:E7 | D130: (Huawei Technologies Co.,Ltd) | E130: Fabricantes de servidores físicos
A131: cisco_apic_adapter | B131: 10.119.251.242 | C131: 2C:9D:1E:12:40:E5 | D131: (Huawei Technologies Co.,Ltd) | E131: Fabricantes de servidores físicos
A132: cisco_apic_adapter cisco_apic_adapter cisco_apic_adapter cisco_apic_adapter cisco_apic_adapter | B132: 10.59.152.218 | C132: 80:30:E0:05:CE:F0 | D132: (Hewlett Packard Enterprise) | E132: Fabricantes de servidores físicos
A133: cisco_apic_adapter | B133: 10.119.251.145 | C133: 14:30:04:D6:78:B5 | D133: (Huawei Technologies Co.,Ltd) | E133: Fabricantes de servidores físicos
A134: cisco_apic_adapter | C134: B4:7A:F1:1D:E9:C1 | D134: (Hewlett Packard Enterprise) | E134: Fabricantes de servidores físicos
A135: cisco_apic_adapter cisco_apic_adapter cisco_apic_adapter cisco_apic_adapter cisco_apic_adapter | B135: 10.59.78.224 | C135: F4:03:43:B9:25:70 | D135: (Hewlett Packard Enterprise) | E135: Fabricantes de servidores físicos
A136: cisco_apic_adapter cisco_apic_adapter cisco_apic_adapter cisco_apic_adapter cisco_apic_adapter | B136: 10.59.78.216 | C136: F4:03:43:B9:57:30 | D136: (Hewlett Packard Enterprise) | E136: Fabricantes de servidores físicos
A137: cisco_apic_adapter cisco_apic_adapter cisco_apic_adapter cisco_apic_adapter cisco_apic_adapter | B137: 10.59.78.218 | C137: D0:67:26:C9:EC:B0 | D137: (Hewlett Packard Enterprise) | E137: Fabricantes de servidores físicos
A138: cisco_apic_adapter cisco_apic_adapter cisco_apic_adapter cisco_apic_adapter cisco_apic_adapter | B138: 10.59.78.222 | C138: F4:03:43:B9:30:D0 | D138: (Hewlett Packard Enterprise) | E138: Fabricantes de servidores físicos
A139: cisco_apic_adapter cisco_apic_adapter cisco_apic_adapter cisco_apic_adapter cisco_apic_adapter | B139: 10.59.78.220 | C139: 20:67:7C:08:FB:E0 | D139: (Hewlett Packard Enterprise) | E139: Fabricantes de servidores físicos
A140: cisco_apic_adapter | B140: 10.152.3.170 | C140: CC:BB:FE:31:A8:11 | D140: (Huawei Technologies Co.,Ltd) | E140: Fabricantes de servidores físicos
A141: cisco_apic_adapter cisco_apic_adapter cisco_apic_adapter cisco_apic_adapter cisco_apic_adapter | B141: 10.59.82.227 | C141: 80:30:E0:05:C8:A0 | D141: (Hewlett Packard Enterprise) | E141: Fabricantes de servidores físicos
A142: cisco_apic_adapter | B142: 10.119.109.82 | C142: AC:F9:70:88:BB:19 | D142: (Huawei Technologies Co.,Ltd) | E142: Fabricantes de servidores físicos
A143: cisco_apic_adapter | C143: 00:50:56:81:8A:6F | D143: (VMware, Inc.) | E143: Fabricantes/Administradores de servidores virtuales y soluciones de virtualización
A144: cisco_apic_adapter | B144: 10.119.109.152 | C144: AC:75:1D:C4:7A:3F | D144: (Huawei Technologies Co.,Ltd) | E144: Fabricantes de servidores físicos
A145: cisco_apic_adapter | B145: 10.119.109.36 | C145: 0C:41:E9:7B:41:31 | D145: (Huawei Technologies Co.,Ltd) | E145: Fabricantes de servidores físicos
A146: cisco_apic_adapter | B146: 10.119.109.138 | C146: 48:57:02:16:92:79 | D146: (Huawei Technologies Co.,Ltd) | E146: Fabricantes de servidores físicos
A147: cisco_apic_adapter | B147: 10.119.109.131 | C147: AC:75:1D:26:CF:5C | D147: (Huawei Technologies Co.,Ltd) | E147: Fabricantes de servidores físicos
A148: cisco_apic_adapter | B148: 10.119.109.38 | C148: 0C:41:E9:7B:3F:B5 | D148: (Huawei Technologies Co.,Ltd) | E148: Fabricantes de servidores físicos
A149: cisco_apic_adapter | B149: 10.59.89.137 | C149: 98:F2:B3:39:8D:8D | D149: (Hewlett Packard Enterprise) | E149: Fabricantes de servidores físicos
A150: cisco_apic_adapter | B150: 10.59.89.159 | C150: 08:F1:EA:8F:E3:A0 | D150: (Hewlett Packard Enterprise) | E150: Fabricantes de servidores físicos
A151: cisco_apic_adapter | B151: 10.119.109.13 | C151: 0C:41:E9:E4:24:EB | D151: (Huawei Technologies Co.,Ltd) | E151: Fabricantes de servidores físicos
A152: cisco_apic_adapter | B152: 10.119.157.36 | C152: 00:50:56:9D:5F:77 | D152: (VMware, Inc.) | E152: Fabricantes/Administradores de servidores virtuales y soluciones de virtualización
A153: cisco_apic_adapter | C153: 14:30:04:E9:82:6B | D153: (Huawei Technologies Co.,Ltd) | E153: Fabricantes de servidores físicos
A154: cisco_apic_adapter | B154: 10.119.109.28 | C154: 88:40:33:FC:EF:29 | D154: (Huawei Technologies Co.,Ltd) | E154: Fabricantes de servidores físicos
A155: cisco_apic_adapter | B155: 10.119.109.6 | C155: 0C:41:E9:E4:25:27 | D155: (Huawei Technologies Co.,Ltd) | E155: Fabricantes de servidores físicos
A156: cisco_apic_adapter | B156: 10.59.130.35 | C156: EC:EB:B8:91:DD:B2 | D156: (Hewlett Packard Enterprise) | E156: Fabricantes de servidores físicos
A157: cisco_apic_adapter | B157: 10.119.109.8 | C157: 0C:41:E9:7B:40:F5 | D157: (Huawei Technologies Co.,Ltd) | E157: Fabricantes de servidores físicos
A158: cisco_apic_adapter | B158: 10.119.180.166 | C158: 94:F1:28:A5:6D:E0 | D158: (Hewlett Packard Enterprise) | E158: Fabricantes de servidores físicos
A159: cisco_apic_adapter | B159: 10.119.109.127 | C159: AC:75:1D:CF:DC:C3 | D159: (Huawei Technologies Co.,Ltd) | E159: Fabricantes de servidores físicos
A160: cisco_apic_adapter | B160: 10.119.251.244 | C160: 2C:9D:1E:12:40:E1 | D160: (Huawei Technologies Co.,Ltd) | E160: Fabricantes de servidores físicos
A161: cisco_apic_adapter | B161: 10.119.251.234 | C161: 2C:9D:1E:12:41:9F | D161: (Huawei Technologies Co.,Ltd) | E161: Fabricantes de servidores físicos
A162: cisco_apic_adapter | C162: 80:30:E0:05:AE:C1 | D162: (Hewlett Packard Enterprise) | E162: Fabricantes de servidores físicos
A163: cisco_apic_adapter | B163: 10.119.251.237 | C163: 2C:9D:1E:12:40:DD | D163: (Huawei Technologies Co.,Ltd) | E163: Fabricantes de servidores físicos
A164: cisco_apic_adapter | C164: 80:30:E0:05:EA:E1 | D164: (Hewlett Packard Enterprise) | E164: Fabricantes de servidores físicos
A165: cisco_apic_adapter cisco_apic_adapter cisco_apic_adapter cisco_apic_adapter cisco_apic_adapter | B165: 10.59.154.219 | C165: 80:30:E0:05:C4:B0 | D165: (Hewlett Packard Enterprise) | E165: Fabricantes de servidores físicos
A166: cisco_apic_adapter | B166: 10.59.5.27 | C166: 50:6F:77:42:5C:B4 | D166: (Huawei Technologies Co.,Ltd) | E166: Fabricantes de servidores físicos
A167: cisco_apic_adapter | B167: 10.119.157.37 | C167: 00:50:56:AA:58:1C | D167: (VMware, Inc.) | E167: Fabricantes/Administradores de servidores virtuales y soluciones de virtualización
A168: cisco_apic_adapter | B168: 10.59.11.114 | C168: 54:13:10:DE:92:4D | D168: (Huawei Technologies Co.,Ltd) | E168: Fabricantes de servidores físicos
A169: cisco_apic_adapter cisco_apic_adapter cisco_apic_adapter cisco_apic_adapter cisco_apic_adapter | B169: 10.59.162.172 | C169: 80:30:E0:05:D7:60 | D169: (Hewlett Packard Enterprise) | E169: Fabricantes de servidores físicos
...

Sheet Inventario Identificados
A3: Identificados (No servidores) - Inventario
A4: Adaptadores | B4: IPs | C4: MACs | D4: Manufacturer | E4: Clasificacion
A5: cisco_adapter cisco_apic_adapter cisco_apic_adapter csv_adapter csv_adapter | B5: 10.119.238.60 | C5: 00:00:0C:07:AC:02 | D5: (Cisco Systems, Inc) | E5: Fabricantes de servidores físicos
A6: cisco_adapter cisco_apic_adapter cisco_apic_adapter csv_adapter csv_adapter | B6: 10.119.236.116 | C6: 00:00:0C:07:AC:03 | D6: (Cisco Systems, Inc) | E6: Fabricantes de servidores físicos
A7: cisco_adapter cisco_apic_adapter | B7: 10.191.83.14 | C7: 00:17:A4:77:00:CE | D7: (Hewlett Packard) | E7: HP (impresoras o PCs)
A8: cisco_adapter cisco_adapter cisco_apic_adapter cisco_apic_adapter cisco_apic_adapter | B8: 10.119.242.200 | C8: 00:00:0C:07:AC:01 | D8: (Cisco Systems, Inc) | E8: Fabricantes de servidores físicos
A9: cisco_adapter cisco_apic_adapter cisco_apic_adapter | B9: 10.119.238.124 | C9: 00:00:0C:07:AC:E4 | D9: (Cisco Systems, Inc) | E9: Fabricantes de servidores físicos
A10: cisco_adapter cisco_apic_adapter cisco_apic_adapter cisco_apic_adapter | B10: 10.119.236.84 | C10: 00:00:0C:07:AC:0B | D10: (Cisco Systems, Inc) | E10: Fabricantes de servidores físicos
A11: cisco_apic_adapter nagios_xi_adapter | B11: 10.191.184.132 | C11: 00:17:A4:77:44:00 | D11: (Hewlett Packard) | E11: HP (impresoras o PCs)
A12: cisco_apic_adapter nagios_xi_adapter | B12: 10.191.184.133 | C12: 00:17:A4:77:44:06 | D12: (Hewlett Packard) | E12: HP (impresoras o PCs)
A13: cisco_apic_adapter nagios_xi_adapter | B13: 10.191.184.137 | C13: 00:17:A4:77:44:18 | D13: (Hewlett Packard) | E13: HP (impresoras o PCs)
A14: cisco_apic_adapter nagios_xi_adapter | B14: 10.191.184.139 | C14: 00:17:A4:77:44:0C | D14: (Hewlett Packard) | E14: HP (impresoras o PCs)
A15: cisco_apic_adapter nagios_xi_adapter | B15: 10.191.184.143 | C15: 00:17:A4:77:44:10 | D15: (Hewlett Packard) | E15: HP (impresoras o PCs)
... A25: cisco_apic_adapter nagios_xi_adapter | B25: 10.119.133.7 | C25: 00:17:A4:77:E8:2A | D25: (Hewlett Packard) | E25: HP (impresoras o PCs)
A26: cisco_apic_adapter | C26: 44:1E:A1:76:03:7E | D26: (Hewlett Packard) | E26: HP (impresoras o PCs)
A27: cisco_apic_adapter | C27: 6C:3B:E5:AA:AE:B1 | D27: (Hewlett Packard) | E27: HP (impresoras o PCs)
A28: cisco_apic_adapter | C28: D8:9D:67:2A:CD:84 | D28: (Hewlett Packard) | E28: HP (impresoras o PCs)
A29: cisco_apic_adapter | C29: 6C:3B:E5:AB:32:81 | D29: (Hewlett Packard) | E29: HP (impresoras o PCs)
A30: cisco_apic_adapter | B30: 10.119.3.78 | C30: 00:E0:27:12:D9:A8 | D30: (Dux, Inc.) | E30: Energización
A31: cisco_apic_adapter | B31: 10.59.129.73 | C31: 30:E1:71:64:FA:45 | D31: (Hewlett Packard) | E31: HP (impresoras o PCs)
A32: cisco_apic_adapter | B32: 10.119.149.159 | C32: 00:17:A4:77:94:64 | D32: (Hewlett Packard) | E32: HP (impresoras o PCs)
A33: cisco_apic_adapter | B33: 10.119.172.10 | C33: FC:15:B4:1A:E0:D9 | D33: (Hewlett Packard) | E33: HP (impresoras o PCs)
A34: cisco_apic_adapter | C34: E8:39:35:01:05:A2 | D34: (Hewlett Packard) | E34: HP (impresoras o PCs)
A35: cisco_apic_adapter | B35: 10.59.89.7 | C35: 30:E1:71:64:6A:A1 | D35: (Hewlett Packard) | E35: HP (impresoras o PCs)
A36: cisco_apic_adapter | B36: 10.119.157.32 | C36: 00:60:16:77:F3:14 | D36: (Clariion) | E36: Almacenamiento
A37: cisco_apic_adapter | B37: 10.119.186.30 10.119.186.32 | C37: 80:C1:6E:68:99:9D | D37: (Hewlett Packard) | E37: HP (impresoras o PCs)
A38: cisco_apic_adapter | B38: 10.119.186.31 | C38: 80:C1:6E:68:99:99 | D38: (Hewlett Packard) | E38: HP (impresoras o PCs)
A39: cisco_apic_adapter | B39: 10.119.186.58 10.119.186.60 | C39: F0:92:1C:0C:73:7E | D39: (Hewlett Packard) | E39: HP (impresoras o PCs)
A40: cisco_apic_adapter | B40: 10.119.186.18 10.119.186.20 | C40: 2C:59:E5:34:7A:AC | D40: (Hewlett Packard) | E40: HP (impresoras o PCs)
A41: cisco_apic_adapter | B41: 10.119.186.22 | C41: F0:92:1C:04:09:09 | D41: (Hewlett Packard) | E41: HP (impresoras o PCs)
A42: cisco_apic_adapter | B42: 10.119.153.70 10.119.153.71 | C42: 14:58:D0:57:BD:08 | D42: (Hewlett Packard) | E42: HP (impresoras o PCs)
A43: cisco_apic_adapter | B43: 10.119.157.64 | C43: 00:07:6E:02:5D:DD | D43: (Sinetica Corporation Limited) | E43: Varios
A44: cisco_apic_adapter | B44: 10.119.149.54 | C44: F0:92:1C:11:B9:6D | D44: (Hewlett Packard) | E44: HP (impresoras o PCs)
A45: cisco_apic_adapter | B45: 10.119.149.70 | C45: F0:92:1C:09:79:CA | D45: (Hewlett Packard) | E45: HP (impresoras o PCs)
A46: cisco_apic_adapter | C46: F0:92:1C:08:B9:B1 | D46: (Hewlett Packard) | E46: HP (impresoras o PCs)
A47: cisco_apic_adapter | B47: 10.191.136.43 | C47: 98:4B:E1:6C:D7:6C | D47: (Hewlett Packard) | E47: HP (impresoras o PCs)
A48: cisco_apic_adapter | B48: 10.119.182.15 | C48: 30:E1:71:56:27:48 | D48: (Hewlett Packard) | E48: HP (impresoras o PCs)
A49: cisco_apic_adapter | B49: 10.191.83.38 | C49: 00:17:A4:77:01:A0 | D49: (Hewlett Packard) | E49: HP (impresoras o PCs)
A50: cisco_apic_adapter | B50: 10.191.105.72 10.191.105.78 | C50: 3C:D9:2B:F5:FB:DE | D50: (Hewlett Packard) | E50: HP (impresoras o PCs)
A51: cisco_apic_adapter | B51: 10.191.163.10 10.191.163.19 | C51: 00:17:A4:77:40:28 | D51: (Hewlett Packard) | E51: HP (impresoras o PCs)
A52: cisco_apic_adapter | B52: 10.191.163.26 | C52: 00:17:A4:77:40:20 | D52: (Hewlett Packard) | E52: HP (impresoras o PCs)
A53: cisco_apic_adapter | B53: 10.119.100.42 | C53: B4:99:BA:28:BD:79 | D53: (Hewlett Packard) | E53: HP (impresoras o PCs)
A54: cisco_apic_adapter | B54: 10.119.153.105 | C54: 14:58:D0:4D:32:7C | D54: (Hewlett Packard) | E54: HP (impresoras o PCs)
A55: cisco_apic_adapter | B55: 10.191.165.18 | C55: F4:CE:46:AA:2C:1A | D55: (Hewlett Packard) | E55: HP (impresoras o PCs)
A56: cisco_apic_adapter | C56: 00:17:A4:77:44:28 | D56: (Hewlett Packard) | E56: HP (impresoras o PCs)
A57: cisco_apic_adapter | C57: 00:17:A4:77:44:2C | D57: (Hewlett Packard) | E57: HP (impresoras o PCs)
A58: cisco_apic_adapter | B58: 10.191.163.10 10.191.163.20 | C58: 00:17:A4:77:40:2A | D58: (Hewlett Packard) | E58: HP (impresoras o PCs)
A59: cisco_apic_adapter | B59: 10.191.163.17 | C59: E8:39:35:B6:41:B1 | D59: (Hewlett Packard) | E59: HP (impresoras o PCs)
A60: cisco_apic_adapter | B60: 10.191.162.220 10.191.162.231 | C60: 00:17:A4:77:40:34 | D60: (Hewlett Packard) | E60: HP (impresoras o PCs)
A61: cisco_apic_adapter | B61: 10.191.162.220 10.191.162.232 | C61: 00:17:A4:77:40:36 | D61: (Hewlett Packard) | E61: HP (impresoras o PCs)
A62: cisco_apic_adapter | B62: 10.191.162.199 10.191.162.201 | C62: 00:17:A4:77:40:82 | D62: (Hewlett Packard) | E62: HP (impresoras o PCs)
A63: cisco_apic_adapter | B63: 10.191.162.204 | C63: 00:17:A4:77:40:4A | D63: (Hewlett Packard) | E63: HP (impresoras o PCs)
A64: cisco_apic_adapter | B64: 10.119.180.174 | C64: 10:60:4B:93:56:70 | D64: (Hewlett Packard) | E64: HP (impresoras o PCs)
A65: cisco_apic_adapter | B65: 10.191.162.208 10.191.162.209 10.191.162.211 | C65: 00:17:A4:77:40:00 | D65: (Hewlett Packard) | E65: HP (impresoras o PCs)
A66: cisco_apic_adapter | C66: A4:5D:36:AC:F3:C0 | D66: (Hewlett Packard) | E66: HP (impresoras o PCs)
A67: cisco_apic_adapter cisco_apic_adapter | B67: 10.119.148.17 | C67: 00:17:A4:77:00:98 | D67: (Hewlett Packard) | E67: HP (impresoras o PCs)
A68: cisco_apic_adapter | B68: 10.119.131.22 | C68: 00:17:A4:77:F4:58 | D68: (Hewlett Packard) | E68: HP (impresoras o PCs)
A69: cisco_apic_adapter | B69: 10.119.131.16 | C69: 00:17:A4:77:F4:04 | D69: (Hewlett Packard) | E69: HP (impresoras o PCs)
A70: cisco_apic_adapter | B70: 10.119.131.31 | C70: 00:17:A4:77:FC:F2 | D70: (Hewlett Packard) | E70: HP (impresoras o PCs)
A71: cisco_apic_adapter | B71: 10.119.131.6 | C71: 00:17:A4:77:F0:06 | D71: (Hewlett Packard) | E71: HP (impresoras o PCs)
A72: cisco_apic_adapter | C72: 68:B5:99:7C:36:56 | D72: (Hewlett Packard) | E72: HP (impresoras o PCs)
A73: cisco_apic_adapter | B73: 10.119.131.28 | C73: 00:17:A4:77:F4:C8 | D73: (Hewlett Packard) | E73: HP (impresoras o PCs)
A74: cisco_apic_adapter | B74: 10.191.162.24 | C74: 00:17:A4:77:40:6E | D74: (Hewlett Packard) | E74: HP (impresoras o PCs)
A75: cisco_apic_adapter | C75: 5C:B9:01:C8:4B:59 | D75: (Hewlett Packard) | E75: HP (impresoras o PCs)
A76: cisco_apic_adapter | B76: 10.191.162.200 | C76: 00:17:A4:77:40:7C | D76: (Hewlett Packard) | E76: HP (impresoras o PCs)
A77: cisco_apic_adapter | B77: 10.119.162.75 | C77: 00:17:A4:77:80:08 | D77: (Hewlett Packard) | E77: HP (impresoras o PCs)
A78: cisco_apic_adapter | B78: 10.119.174.9 | C78: 14:58:D0:54:B9:80 | D78: (Hewlett Packard) | E78: HP (impresoras o PCs)
A79: cisco_apic_adapter | B79: 10.119.142.136 | C79: 28:92:4A:35:42:B0 | D79: (Hewlett Packard) | E79: HP (impresoras o PCs)
A80: cisco_apic_adapter | C80: 28:92:4A:35:5A:66 | D80: (Hewlett Packard) | E80: HP (impresoras o PCs)
A81: cisco_apic_adapter | B81: 10.119.147.202 10.119.147.203 | C81: 28:92:4A:35:42:AE | D81: (Hewlett Packard) | E81: HP (impresoras o PCs)
A82: cisco_apic_adapter | B82: 10.119.142.134 | C82: 28:92:4A:35:48:8C | D82: (Hewlett Packard) | E82: HP (impresoras o PCs)
A83: cisco_apic_adapter | B83: 10.119.147.196 | C83: C8:CB:B8:C6:6A:A4 | D83: (Hewlett Packard) | E83: HP (impresoras o PCs)
A84: cisco_apic_adapter | B84: 10.119.142.132 10.119.142.133 | C84: C8:CB:B8:C6:6A:A2 | D84: (Hewlett Packard) | E84: HP (impresoras o PCs)
A85: cisco_apic_adapter | B85: 10.119.147.199 | C85: 28:92:4A:35:48:8E | D85: (Hewlett Packard) | E85: HP (impresoras o PCs)
A86: cisco_apic_adapter | C86: 28:92:4A:35:5A:68 | D86: (Hewlett Packard) | E86: HP (impresoras o PCs)
A87: cisco_apic_adapter | B87: 10.191.172.140 | C87: E8:39:35:B2:28:B3 | D87: (Hewlett Packard) | E87: HP (impresoras o PCs)
A88: cisco_apic_adapter | B88: 10.191.162.142 | C88: 00:9C:02:79:B0:BC | D88: (Hewlett Packard) | E88: HP (impresoras o PCs)
A89: cisco_apic_adapter cisco_apic_adapter cisco_apic_adapter cisco_apic_adapter | B89: 10.119.137.100 | C89: 5C:B9:01:FE:EF:60 | D89: (Hewlett Packard) | E89: HP (impresoras o PCs)
A90: cisco_apic_adapter | B90: 10.119.133.9 | C90: 00:17:A4:77:E8:48 | D90: (Hewlett Packard) | E90: HP (impresoras o PCs)
A91: cisco_apic_adapter cisco_apic_adapter cisco_apic_adapter cisco_apic_adapter | B91: 10.119.137.103 | C91: 94:57:A5:66:AD:28 | D91: (Hewlett Packard) | E91: HP (impresoras o PCs)
A92: cisco_apic_adapter cisco_apic_adapter cisco_apic_adapter cisco_apic_adapter | B92: 10.119.137.101 | C92: 94:57:A5:66:6E:18 | D92: (Hewlett Packard) | E92: HP (impresoras o PCs)
A93: cisco_apic_adapter cisco_apic_adapter cisco_apic_adapter cisco_apic_adapter | B93: 10.119.143.68 | C93: B4:B5:2F:6D:4F:20 | D93: (Hewlett Packard) | E93: HP (impresoras o PCs)
A94: cisco_apic_adapter cisco_apic_adapter cisco_apic_adapter cisco_apic_adapter | B94: 10.119.168.24 | C94: C4:34:6B:C1:A9:20 | D94: (Hewlett Packard) | E94: HP (impresoras o PCs)
A95: cisco_apic_adapter | B95: 10.191.140.142 | C95: 1C:C1:DE:DA:3E:98 | D95: (Hewlett Packard) | E95: HP (impresoras o PCs)
A96: cisco_apic_adapter | B96: 10.191.208.104 | C96: 00:21:5A:05:26:2D | D96: (Hewlett Packard) | E96: HP (impresoras o PCs)
A97: cisco_apic_adapter | B97: 10.191.208.106 | C97: 00:21:5A:05:C3:F3 | D97: (Hewlett Packard) | E97: HP (impresoras o PCs)
A98: cisco_apic_adapter | B98: 10.191.208.105 | C98: 00:21:5A:05:B3:F9 | D98: (Hewlett Packard) | E98: HP (impresoras o PCs)
... A112: cisco_apic_adapter | B112: 10.119.188.8 | C112: 9C:B6:54:86:31:48 | D112: (Hewlett Packard) | E112: HP (impresoras o PCs)
A113: cisco_apic_adapter | C113: 94:57:A5:58:3F:BE | D113: (Hewlett Packard) | E113: HP (impresoras o PCs)
A114: cisco_apic_adapter | B114: 10.119.224.5 | C114: 28:80:23:B2:98:DF | D114: (Hewlett Packard) | E114: HP (impresoras o PCs)
A115: cisco_apic_adapter | C115: 28:80:23:B2:A5:55 | D115: (Hewlett Packard) | E115: HP (impresoras o PCs)
A116: cisco_apic_adapter | B116: 10.191.46.20 | C116: 00:17:A4:77:74:0E | D116: (Hewlett Packard) | E116: HP (impresoras o PCs)
A117: cisco_apic_adapter | B117: 10.119.224.6 10.119.224.8 | C117: 28:80:23:B2:A5:57 | D117: (Hewlett Packard) | E117: HP (impresoras o PCs)
A118: cisco_apic_adapter cisco_apic_adapter cisco_apic_adapter cisco_apic_adapter | B118: 10.119.167.78 | C118: C4:34:6B:C1:A3:D0 | D118: (Hewlett Packard) | E118: HP (impresoras o PCs)
A119: cisco_apic_adapter | B119: 10.119.169.60 | C119: 3C:A8:2A:1D:A6:30 | D119: (Hewlett Packard) | E119: HP (impresoras o PCs)
A120: cisco_apic_adapter | B120: 10.119.162.73 | C120: FC:15:B4:12:E0:6B | D120: (Hewlett Packard) | E120: HP (impresoras o PCs)
A121: cisco_apic_adapter | B121: 10.191.186.10 | C121: 74:46:A0:55:F1:80 | D121: (Hewlett Packard) | E121: HP (impresoras o PCs)
A122: cisco_apic_adapter | B122: 10.191.35.139 | C122: D8:D3:85:BF:9C:A5 | D122: (Hewlett Packard) | E122: HP (impresoras o PCs)
A123: cisco_apic_adapter | C123: E8:39:35:B6:21:61 | D123: (Hewlett Packard) | E123: HP (impresoras o PCs)
A124: cisco_apic_adapter | B124: 10.191.162.6 | C124: F4:CE:46:AA:34:31 | D124: (Hewlett Packard) | E124: HP (impresoras o PCs)
...

Sheet No Identificados
B2: Row Labels | C2: Count of Clasificacion
B3: Windows 10 | C3: 1
B4: (blank)
B5: Grand Total | C5: 1

Sheet Identificados (OTROS)
B2: Row Labels | C2: Count of Clasificacion
B3: Windows 10 | C3: 1
B4: (blank)
B5: Grand Total | C5: 1

Sheet Adaptadores integrados
B2: Adaptador | C2: Región | D2: Sitio | E2: Responsable | F2: Estatus | G2: Descripción
B3: Cisco APIC | C3: R9 | D3: IXTLAHUACA | E3: Carlos Villafranca Bonilla | F3: Exitoso | G3: El Cisco Application Policy Infrastructure Controller (APIC) es el componente arquitectónico principal de Cisco ACI. Es el punto unificado para la automatización y gestión de la infraestructura de Cisco ACI, la aplicación de políticas y el monitoreo de salud, optimizando el rendimiento y la agilidad.
B4: Cortex | D4: https://api-scitumcert.xdr.us.paloaltonetworks.com | E4: Jorge Alvarado | F4: Exitoso | G4: Palo Alto Networks Cortex XDR es una aplicación de detección y respuesta que integra de forma nativa datos de red, endpoint y nube para detectar amenazas y detener ataques sofisticados.
B5: Vmware | D5: 10.119.78.210 | E5: Roman García Bernal | F5: Exitoso | G5: VMware ESXi es un hipervisor de clase empresarial, tipo 1, diseñado para implementar y gestionar computadoras virtuales. VMware vSphere es la plataforma de virtualización para computación en la nube de VMware.
D6: 10.191.141.20
D7: 10.59.205.39
D8: 10.59.205.40
B9: Vmware | D9: https://vcpvmvcsa01.telcelcloud.dt | E9: Francisco Javier Reyes Alcántara | F9: Exitoso | G9: VMware ESXi es un hipervisor de clase empresarial, tipo 1, diseñado para implementar y gestionar computadoras virtuales. VMware vSphere es la plataforma de virtualización para computación en la nube de VMware.
B10: Microsoft AD | D10: telcel.net | E10: Rocio Castro | F10: Exitoso | G10: Microsoft Active Directory (AD) es un servicio de directorio para redes de dominio en Windows que autentica y autoriza a todos los usuarios y computadoras.
D11: corpamx.com
B12: Tenable Nessus | D12: 10.152.30.219 | E12: José Juan León | F12: Exitoso | G12: Tenable Nessus es una plataforma de análisis de vulnerabilidades para auditores y analistas de seguridad.
B13: Tenable.sc (SecurityCenter) | D13: 10.152.30.218 | E13: José Juan León | F13: Exitoso | G13: Tenable.sc (anteriormente SecurityCenter) consolida y evalúa datos de vulnerabilidades, priorizando los riesgos de seguridad.
B14: HPE OneView | D14: https://10.59.198.91/#/login | E14: Ernesto David Vergara | F14: Exitoso | G14: HPE OneView es una solución integrada de gestión de TI que transforma el cómputo, el almacenamiento y la red en una infraestructura definida por software para automatizar tareas.
B15: Red Hat Satellite | D15: https://10.119.111.123/users/login | E15: Jorge Jimenez Matus | F15: Exitoso | G15: Red Hat Satellite es una solución de gestión de sistemas utilizada para implementar, configurar y mantener sistemas en entornos físicos, virtuales y en la nube.
B16: Dynatrace | D16: Dynatrace - MoSER (OYM) | E16: Ernesto David Vergara | F16: Exitoso | G16: Dynatrace es una plataforma de inteligencia de software que ofrece gestión del rendimiento de aplicaciones y monitoreo de infraestructura en la nube.
B17: Nagios | D17: https://10.59.230.86/nagiosxi/api/v1/ | E17: Ernesto David Vergara | F17: Exitoso | G17: Nagios XI ofrece monitoreo empresarial de servidores y redes.
B18: Huawei eSight | D18: https://10.34.226.212:31943/ | E18: Ernesto David Vergara | F18: En revisión por parte de axonius | G18: Huawei eSight es una plataforma empresarial de operación y mantenimiento (O&M) que ofrece gestión convergente entre múltiples proveedores y productos, monitoreo visualizado y análisis inteligente para dispositivos de TIC empresariales.
B19: vRops (Vmware Aria Operations) | D19: https://vcppvmvrop01.telcelcloud.dt | E19: Alvaro Garcia | F19: Exitoso | G19: VMware vRealize Operations (vROps) ofrece una plataforma de gestión de operaciones de TI para entornos privados, híbridos y multinube, abarcando infraestructura física, virtual y en la nube, incluidos máquinas virtuales (VMs) y contenedores.
B20: IES – Assurance -- Huawei | E20: Horacio Hernandez Bautista | F20: Sin adaptador | G20: iES Assurance de Huawei es una solución diseñada para la gestión y aseguramiento de la calidad de los servicios en redes y sistemas de telecomunicaciones.
B21: UIM - Unified Infrastructure Management à Broadcomm | E21: Horacio Hernandez Bautista | F21: Sin adaptador | G21: UIM proporciona una solución única y basada en análisis para una gestión eficaz y proactiva de infraestructuras de TI híbridas, modernas y en la nube.
B22: OBM - Operation Bridge Manager | E22: Horacio Hernandez Bautista | F22: Sin adaptador | G22: Operations Bridge Manager descubre y monitorea automáticamente la infraestructura de TI de una empresa mediante la recopilación de datos de topología y eventos.
B23: Centreon | E23: Alfonso Ruvalcaba/Alvaro García | F23: Sin adaptador | G23: Centreon es un software de monitorización de TI que ayuda a las empresas a garantizar la disponibilidad y el rendimiento de su TI.
B24: Gestor OBM | E24: Alfonso Ruvalcaba/Alvaro García | F24: Sin adaptador
B25: Grafana | E25: Alfonso Ruvalcaba/Alvaro García | F25: Sin adaptador | G25: Grafana es una solución de análisis y monitoreo de código abierto para todo tipo de bases de datos.
B26: Gestor Cisco Prime (CUOM) | E26: Alfonso Ruvalcaba/Alvaro García | F26: Existe el adaptador sin embargo el ing Alfonso Ruvalcaba solicita que cualquier información o acceso se solicite a través de subdirección | G26: Cisco Prime ofrece un conjunto de herramientas para automatizar la gestión de redes cableadas e inalámbricas de Cisco.
B27: CUCM (Call Manager de Cisco) | E27: Alfonso Ruvalcaba/Alvaro García | F27: Sin adaptador | G27: Cisco Unified Communications Manager lleva las características y capacidades de la telefonía para empresas a los dispositivos de red de telefonía por paquetes, tales como teléfonos IP, gateways de voz a través de IP (VoIP) y aplicaciones multimedia.
B28: Red Hat Virtualization | E28: Ricardo Herrera | F28: En proceso de desarrollo por axonius | G28: Red Hat Virtualization es una plataforma de virtualización de clase empresarial producida por Red Hat. Su objetivo es virtualizar aplicaciones importantes en el centro de datos empresarial mientras se logra el rendimiento, la resistencia y la seguridad.
B29: Trend Micro Deep Security | D29: https://10.152.30.88 | E29: Aldo Cruz | F29: Exitoso | G29: Trend Micro Deep Security puede parchear automáticamente vulnerabilidades en servidores, entornos de nube, VDI y aplicaciones de forma virtual.
B30: Vmware | C30: VDI | D30: https://10.119.251.71 | E30: Victor Rosas | F30: Exitoso | G30: VMware ESXi es un hipervisor de clase empresarial, tipo 1, diseñado para implementar y gestionar computadoras virtuales. VMware vSphere es la plataforma de virtualización para computación en la nube de VMware.
D31: https://10.54.137.234
D32: https://10.119.173.23/ui
B33: CSV Manual | D33: Tango | E33: Veronica de la Rosa | F33: Exitoso | G33: El adaptador CSV importa archivos .csv con información de inventario, incluyendo datos de dispositivos, usuarios y software instalado.
B34: CSV Manual | D34: Digital view | E34: Gerardo Arellano | F34: Exitoso | G34: El adaptador CSV importa archivos .csv con información de inventario, incluyendo datos de dispositivos, usuarios y software instalado.
B35: Digital view | E35: Gerardo Arellano | F35: En espera de información para iniciar el desarrollo del adaptador, la informción pendiente es por parte del proveedor huawei | G35: Digital View se enfoca en la visualización de datos de redes, servidores, almacenamiento y otros componentes de infraestructura, proporcionando herramientas para la supervisión, diagnóstico y análisis proactivo de posibles problemas.
